order_line_id,order_id,customer_id,product_id,order_date,quantity,unit_price
1,1,173,95,2024-12-14,5,109.36
2,1,173,43,2024-12-14,4,420.77
3,2,948,11,2024-08-18,2,274.53
4,3,811,162,2025-05-17,5,44.82
5,4,797,5,2023-06-11,4,123.08
6,4,797,21,2023-06-11,1,49.80
7,5,184,181,2023-04-02,5,470.33
8,6,427,198,2024-12-11,4,383.28
9,6,427,178,2024-12-11,2,172.16
10,7,147,70,2024-10-17,5,289.10
11,8,422,45,2023-09-02,5,71.46
12,8,422,178,2023-09-02,1,172.16
13,9,185,128,2025-01-04,5,448.51
14,9,185,23,2025-01-04,3,379.74
15,9,185,90,2025-01-04,4,174.70
16,10,572,50,2023-08-30,1,430.77
17,11,98,93,2024-09-25,5,386.32
18,11,98,130,2024-09-25,2,331.93
19,11,98,119,2024-09-25,2,265.00
20,12,55,29,2023-07-18,2,360.30
21,12,55,176,2023-07-18,4,483.44
22,13,181,172,2023-06-13,1,361.26
23,13,181,14,2023-06-13,3,61.58
24,14,215,65,2024-03-21,3,126.38
25,14,215,158,2024-03-21,4,64.99
26,15,107,14,2025-01-28,5,61.58
27,16,162,8,2025-03-15,4,108.07
28,17,119,61,2023-03-14,4,481.05
29,17,119,152,2023-03-14,5,452.78
30,17,119,84,2023-03-14,4,12.02
31,18,766,84,2024-11-24,2,12.02
32,19,334,26,2023-08-22,2,101.84
33,20,423,52,2025-06-09,4,257.15
34,20,423,57,2025-06-09,1,208.35
35,20,423,121,2025-06-09,5,129.68
36,21,56,112,2025-06-30,2,328.89
37,21,56,56,2025-06-30,5,357.49
38,22,183,96,2024-02-01,2,31.88
39,22,183,118,2024-02-01,2,10.91
40,23,368,52,2023-10-04,3,257.15
41,23,368,33,2023-10-04,1,35.88
42,23,368,178,2023-10-04,5,172.16
43,24,288,29,2023-05-20,4,360.30
44,25,429,195,2023-06-25,3,215.96
45,25,429,57,2023-06-25,3,208.35
46,26,161,164,2025-03-19,5,325.65
47,26,161,44,2025-03-19,5,147.78
48,26,161,142,2025-03-19,2,76.21
49,27,422,134,2025-05-27,4,142.25
50,28,606,119,2024-04-29,3,265.00
51,29,748,189,2024-03-14,2,452.80
52,30,336,149,2024-03-20,2,328.16
53,31,969,147,2023-06-02,1,389.72
54,31,969,107,2023-06-02,1,53.19
55,31,969,11,2023-06-02,4,274.53
56,32,788,9,2024-05-31,4,393.23
57,32,788,136,2024-05-31,4,497.99
58,32,788,123,2024-05-31,1,33.15
59,33,508,22,2023-09-04,5,444.18
60,33,508,193,2023-09-04,1,61.51
61,34,750,56,2024-02-21,2,357.49
62,34,750,92,2024-02-21,3,419.61
63,34,750,62,2024-02-21,1,75.32
64,35,492,79,2024-11-16,2,146.96
65,36,471,147,2025-05-28,5,389.72
66,36,471,7,2025-05-28,4,194.98
67,36,471,119,2025-05-28,2,265.00
68,37,416,95,2023-07-09,4,109.36
69,37,416,181,2023-07-09,1,470.33
70,37,416,161,2023-07-09,1,185.84
71,38,915,86,2024-12-08,5,331.27
72,38,915,9,2024-12-08,3,393.23
73,39,771,179,2023-10-04,5,205.72
74,39,771,139,2023-10-04,5,248.39
75,40,807,21,2024-12-02,5,49.80
76,41,754,132,2023-02-26,3,385.82
77,41,754,14,2023-02-26,1,61.58
78,42,375,159,2024-04-21,1,170.04
79,42,375,94,2024-04-21,3,332.02
80,43,664,181,2024-07-26,1,470.33
81,44,727,53,2025-03-03,2,195.42
82,44,727,86,2025-03-03,2,331.27
83,44,727,139,2025-03-03,1,248.39
84,45,490,193,2025-01-25,5,61.51
85,45,490,180,2025-01-25,2,404.51
86,45,490,193,2025-01-25,2,61.51
87,46,362,129,2023-10-01,4,130.39
88,46,362,71,2023-10-01,1,213.39
89,47,382,116,2023-12-20,4,160.06
90,48,540,32,2025-04-29,4,424.57
91,48,540,182,2025-04-29,5,371.81
92,48,540,174,2025-04-29,5,397.40
93,49,463,95,2024-09-27,1,109.36
94,49,463,49,2024-09-27,4,46.90
95,50,83,46,2024-02-05,3,325.94
96,51,112,71,2023-06-18,1,213.39
97,52,152,39,2024-05-23,2,205.98
98,52,152,134,2024-05-23,1,142.25
99,52,152,76,2024-05-23,4,291.17
100,53,555,122,2023-05-16,3,16.72
101,53,555,108,2023-05-16,4,478.30
102,53,555,189,2023-05-16,1,452.80
103,54,194,6,2023-03-06,2,276.22
104,54,194,134,2023-03-06,3,142.25
105,55,593,168,2023-12-18,3,317.15
106,55,593,125,2023-12-18,5,355.49
107,56,714,141,2024-06-26,4,324.50
108,56,714,118,2024-06-26,3,10.91
109,56,714,146,2024-06-26,2,39.84
110,57,176,67,2025-03-19,2,308.44
111,57,176,124,2025-03-19,3,475.48
112,58,789,13,2025-05-15,2,370.98
113,58,789,91,2025-05-15,3,483.83
114,59,980,159,2023-06-20,2,170.04
115,59,980,183,2023-06-20,5,462.77
116,60,187,182,2023-06-29,2,371.81
117,60,187,42,2023-06-29,2,279.92
118,61,43,148,2023-11-21,2,448.76
119,62,267,48,2024-01-14,2,330.66
120,62,267,144,2024-01-14,1,456.73
121,63,325,38,2023-12-19,3,314.47
122,63,325,115,2023-12-19,5,262.37
123,63,325,42,2023-12-19,5,279.92
124,64,125,104,2023-01-26,4,10.86
125,64,125,197,2023-01-26,2,164.18
126,65,951,40,2023-11-24,1,274.82
127,65,951,190,2023-11-24,5,230.80
128,66,340,181,2024-10-24,3,470.33
129,66,340,122,2024-10-24,3,16.72
130,66,340,194,2024-10-24,5,36.23
131,67,151,145,2025-03-29,4,56.12
132,67,151,87,2025-03-29,1,404.87
133,67,151,188,2025-03-29,4,12.10
134,68,143,142,2024-11-25,1,76.21
135,69,26,159,2024-02-16,2,170.04
136,69,26,115,2024-02-16,3,262.37
137,70,335,156,2023-02-26,2,272.35
138,71,540,197,2023-08-16,3,164.18
139,71,540,51,2023-08-16,1,313.50
140,71,540,22,2023-08-16,5,444.18
141,72,694,23,2024-11-18,5,379.74
142,72,694,101,2024-11-18,2,192.99
143,73,326,155,2024-09-09,5,422.79
144,73,326,15,2024-09-09,3,166.05
145,74,152,110,2025-01-03,3,170.80
146,74,152,99,2025-01-03,3,202.37
147,75,292,90,2023-12-20,3,174.70
148,76,896,23,2024-07-28,2,379.74
149,76,896,187,2024-07-28,4,125.12
150,77,426,114,2025-04-02,3,368.48
151,77,426,42,2025-04-02,4,279.92
152,77,426,187,2025-04-02,4,125.12
153,78,856,154,2024-08-24,1,241.67
154,79,213,122,2023-11-07,5,16.72
155,80,68,194,2024-08-27,4,36.23
156,80,68,23,2024-08-27,1,379.74
157,81,655,107,2023-10-07,2,53.19
158,81,655,143,2023-10-07,4,113.09
159,82,582,36,2025-02-12,2,433.50
160,82,582,48,2025-02-12,4,330.66
161,82,582,75,2025-02-12,5,35.39
162,83,44,78,2025-04-22,5,405.39
163,83,44,78,2025-04-22,4,405.39
164,84,758,58,2024-04-19,1,21.55
165,84,758,1,2024-04-19,2,205.80
166,84,758,68,2024-04-19,3,269.83
167,85,855,121,2024-10-13,1,129.68
168,85,855,168,2024-10-13,3,317.15
169,85,855,107,2024-10-13,2,53.19
170,86,929,166,2024-12-05,2,332.05
171,86,929,8,2024-12-05,1,108.07
172,87,505,154,2023-03-10,3,241.67
173,87,505,149,2023-03-10,4,328.16
174,88,447,67,2025-06-08,4,308.44
175,88,447,178,2025-06-08,1,172.16
176,88,447,96,2025-06-08,5,31.88
177,89,590,67,2023-01-18,2,308.44
178,89,590,149,2023-01-18,1,328.16
179,89,590,38,2023-01-18,3,314.47
180,90,900,35,2024-12-10,3,59.29
181,90,900,42,2024-12-10,1,279.92
182,91,370,163,2024-03-05,3,381.41
183,91,370,13,2024-03-05,3,370.98
184,92,543,20,2024-10-16,5,167.06
185,92,543,50,2024-10-16,2,430.77
186,93,614,43,2025-02-09,5,420.77
187,94,894,176,2023-11-20,3,483.44
188,94,894,70,2023-11-20,3,289.10
189,95,548,91,2024-08-16,2,483.83
190,96,141,73,2024-06-14,3,349.04
191,97,422,42,2023-12-15,1,279.92
192,97,422,56,2023-12-15,2,357.49
193,98,227,49,2025-05-01,5,46.90
194,98,227,158,2025-05-01,5,64.99
195,98,227,137,2025-05-01,5,478.01
196,99,775,30,2025-04-01,4,495.18
197,99,775,118,2025-04-01,1,10.91
198,99,775,30,2025-04-01,2,495.18
199,100,492,80,2023-12-23,3,67.77
200,101,837,153,2024-03-28,5,260.10
201,102,177,78,2024-12-27,1,405.39
202,102,177,191,2024-12-27,1,418.49
203,103,132,178,2025-05-27,2,172.16
204,104,233,33,2023-11-11,2,35.88
205,104,233,34,2023-11-11,1,5.41
206,104,233,109,2023-11-11,1,307.18
207,105,20,124,2025-03-04,4,475.48
208,106,202,9,2023-04-21,5,393.23
209,107,61,31,2024-04-25,3,307.68
210,107,61,12,2024-04-25,1,90.67
211,107,61,78,2024-04-25,1,405.39
212,108,802,155,2023-05-07,2,422.79
213,109,923,48,2023-07-24,3,330.66
214,109,923,8,2023-07-24,1,108.07
215,109,923,38,2023-07-24,3,314.47
216,110,357,42,2023-12-27,5,279.92
217,110,357,200,2023-12-27,5,140.57
218,110,357,62,2023-12-27,5,75.32
219,111,70,149,2023-04-12,1,328.16
220,111,70,136,2023-04-12,2,497.99
221,111,70,184,2023-04-12,2,369.04
222,112,176,138,2025-02-11,1,93.07
223,112,176,186,2025-02-11,1,454.04
224,113,943,182,2024-05-31,4,371.81
225,114,715,48,2024-08-26,4,330.66
226,114,715,173,2024-08-26,1,247.16
227,115,855,98,2023-12-30,4,30.99
228,116,527,105,2023-08-22,1,194.08
229,117,127,29,2024-04-22,5,360.30
230,117,127,35,2024-04-22,4,59.29
231,118,722,143,2023-10-23,1,113.09
232,118,722,22,2023-10-23,3,444.18
233,119,119,73,2024-01-30,4,349.04
234,119,119,154,2024-01-30,3,241.67
235,120,1000,114,2025-05-11,2,368.48
236,120,1000,142,2025-05-11,4,76.21
237,120,1000,75,2025-05-11,4,35.39
238,121,878,122,2023-03-13,3,16.72
239,122,14,126,2024-11-21,1,47.75
240,123,449,169,2024-06-19,1,245.81
241,123,449,31,2024-06-19,2,307.68
242,124,411,152,2024-12-12,1,452.78
243,124,411,190,2024-12-12,2,230.80
244,125,373,87,2023-07-23,2,404.87
245,126,865,32,2024-02-18,2,424.57
246,126,865,109,2024-02-18,4,307.18
247,126,865,72,2024-02-18,5,148.15
248,127,280,165,2025-02-13,4,279.46
249,127,280,92,2025-02-13,4,419.61
250,127,280,171,2025-02-13,5,22.66
251,128,497,72,2024-06-07,2,148.15
252,128,497,197,2024-06-07,4,164.18
253,129,126,126,2023-09-14,4,47.75
254,130,644,8,2023-05-18,1,108.07
255,131,55,18,2025-04-30,4,39.45
256,131,55,174,2025-04-30,1,397.40
257,131,55,46,2025-04-30,4,325.94
258,132,696,40,2023-12-01,3,274.82
259,132,696,160,2023-12-01,5,203.29
260,132,696,25,2023-12-01,1,198.03
261,133,770,197,2024-06-16,4,164.18
262,133,770,120,2024-06-16,2,178.99
263,133,770,76,2024-06-16,4,291.17
264,134,517,139,2023-09-25,3,248.39
265,134,517,139,2023-09-25,5,248.39
266,135,976,9,2025-02-21,4,393.23
267,136,393,81,2024-04-05,4,426.46
268,137,471,9,2023-02-06,2,393.23
269,137,471,143,2023-02-06,3,113.09
270,138,169,111,2024-05-18,2,402.14
271,138,169,80,2024-05-18,4,67.77
272,138,169,125,2024-05-18,1,355.49
273,139,692,169,2024-05-17,5,245.81
274,139,692,176,2024-05-17,5,483.44
275,139,692,147,2024-05-17,4,389.72
276,140,576,41,2025-05-24,5,240.05
277,140,576,15,2025-05-24,4,166.05
278,141,507,97,2024-08-28,5,378.95
279,141,507,174,2024-08-28,3,397.40
280,142,329,8,2023-03-04,5,108.07
281,142,329,12,2023-03-04,2,90.67
282,143,358,190,2025-04-08,5,230.80
283,143,358,7,2025-04-08,3,194.98
284,144,100,89,2024-03-14,3,245.02
285,144,100,106,2024-03-14,3,481.06
286,145,678,64,2023-09-08,2,264.05
287,146,320,22,2024-08-29,1,444.18
288,146,320,79,2024-08-29,1,146.96
289,146,320,87,2024-08-29,2,404.87
290,147,552,10,2023-11-30,4,285.76
291,148,885,146,2024-03-08,5,39.84
292,148,885,108,2024-03-08,3,478.30
293,148,885,6,2024-03-08,4,276.22
294,149,23,97,2023-11-21,5,378.95
295,149,23,100,2023-11-21,3,240.74
296,149,23,147,2023-11-21,1,389.72
297,150,103,173,2024-12-08,2,247.16
298,150,103,87,2024-12-08,4,404.87
299,151,831,171,2025-02-22,3,22.66
300,151,831,43,2025-02-22,5,420.77
301,151,831,77,2025-02-22,3,329.87
302,152,207,163,2024-05-23,1,381.41
303,152,207,138,2024-05-23,2,93.07
304,153,272,77,2023-02-18,5,329.87
305,153,272,103,2023-02-18,2,267.56
306,154,761,184,2023-04-05,5,369.04
307,154,761,25,2023-04-05,5,198.03
308,154,761,87,2023-04-05,3,404.87
309,155,581,136,2025-03-31,4,497.99
310,156,215,20,2023-12-22,3,167.06
311,156,215,130,2023-12-22,3,331.93
312,157,680,81,2024-07-06,2,426.46
313,157,680,107,2024-07-06,4,53.19
314,158,640,117,2024-06-11,5,338.03
315,158,640,47,2024-06-11,1,362.05
316,159,721,48,2024-06-12,5,330.66
317,159,721,128,2024-06-12,2,448.51
318,159,721,170,2024-06-12,4,368.98
319,160,960,137,2024-10-15,5,478.01
320,160,960,197,2024-10-15,4,164.18
321,161,745,16,2024-10-03,5,411.89
322,161,745,52,2024-10-03,3,257.15
323,161,745,119,2024-10-03,2,265.00
324,162,155,176,2025-02-03,3,483.44
325,163,421,17,2023-11-23,2,157.47
326,163,421,106,2023-11-23,3,481.06
327,164,662,66,2023-06-14,5,343.61
328,164,662,61,2023-06-14,4,481.05
329,165,117,50,2023-06-03,1,430.77
330,166,817,80,2025-04-27,4,67.77
331,167,574,109,2024-03-22,1,307.18
332,167,574,52,2024-03-22,2,257.15
333,168,140,67,2023-01-30,3,308.44
334,168,140,169,2023-01-30,5,245.81
335,169,660,11,2025-05-22,4,274.53
336,170,57,22,2025-05-30,3,444.18
337,171,306,17,2025-06-06,4,157.47
338,171,306,94,2025-06-06,1,332.02
339,171,306,102,2025-06-06,2,239.91
340,172,115,189,2024-08-07,5,452.80
341,173,535,149,2024-11-11,5,328.16
342,174,509,24,2025-06-24,2,229.21
343,174,509,154,2025-06-24,1,241.67
344,175,338,150,2025-05-02,4,466.77
345,175,338,192,2025-05-02,2,409.80
346,176,224,28,2023-05-28,2,459.65
347,176,224,55,2023-05-28,3,291.07
348,177,419,151,2023-09-18,1,136.88
349,177,419,126,2023-09-18,5,47.75
350,178,717,82,2023-04-26,5,129.76
351,178,717,109,2023-04-26,4,307.18
352,179,253,38,2023-10-12,3,314.47
353,179,253,122,2023-10-12,3,16.72
354,179,253,79,2023-10-12,1,146.96
355,180,991,9,2024-09-12,1,393.23
356,180,991,177,2024-09-12,2,23.33
357,180,991,65,2024-09-12,5,126.38
358,181,317,180,2024-10-16,3,404.51
359,181,317,176,2024-10-16,1,483.44
360,182,888,114,2023-08-31,4,368.48
361,182,888,3,2023-08-31,4,397.24
362,182,888,66,2023-08-31,3,343.61
363,183,959,194,2025-04-22,2,36.23
364,184,216,42,2025-05-30,4,279.92
365,184,216,162,2025-05-30,3,44.82
366,185,417,9,2025-03-19,3,393.23
367,185,417,21,2025-03-19,4,49.80
368,185,417,121,2025-03-19,4,129.68
369,186,735,26,2024-03-08,2,101.84
370,186,735,179,2024-03-08,3,205.72
371,187,68,108,2023-12-27,5,478.30
372,187,68,187,2023-12-27,5,125.12
373,187,68,189,2023-12-27,3,452.80
374,188,712,196,2023-01-29,1,165.49
375,188,712,165,2023-01-29,2,279.46
376,189,455,165,2025-03-21,2,279.46
377,189,455,1,2025-03-21,4,205.80
378,189,455,52,2025-03-21,3,257.15
379,190,590,29,2023-03-26,2,360.30
380,190,590,64,2023-03-26,5,264.05
381,191,993,167,2025-02-25,2,349.45
382,191,993,153,2025-02-25,4,260.10
383,191,993,82,2025-02-25,4,129.76
384,192,895,35,2025-01-22,3,59.29
385,192,895,45,2025-01-22,5,71.46
386,193,819,51,2023-10-16,1,313.50
387,193,819,107,2023-10-16,3,53.19
388,194,403,97,2025-06-16,5,378.95
389,195,22,143,2023-01-24,5,113.09
390,196,235,119,2023-04-02,2,265.00
391,196,235,68,2023-04-02,2,269.83
392,196,235,13,2023-04-02,4,370.98
393,197,440,67,2024-09-06,2,308.44
394,197,440,23,2024-09-06,3,379.74
395,197,440,44,2024-09-06,5,147.78
396,198,15,135,2025-01-05,4,194.48
397,199,848,127,2024-11-20,1,191.09
398,199,848,58,2024-11-20,2,21.55
399,200,969,69,2025-06-01,3,237.08
400,201,507,34,2024-01-27,4,5.41
401,201,507,53,2024-01-27,5,195.42
402,201,507,56,2024-01-27,3,357.49
403,202,694,108,2023-07-13,2,478.30
404,202,694,105,2023-07-13,2,194.08
405,202,694,8,2023-07-13,3,108.07
406,203,242,116,2024-09-24,2,160.06
407,203,242,95,2024-09-24,5,109.36
408,204,663,22,2024-04-14,1,444.18
409,204,663,121,2024-04-14,2,129.68
410,204,663,83,2024-04-14,4,141.22
411,205,218,99,2024-12-31,4,202.37
412,205,218,189,2024-12-31,5,452.80
413,205,218,66,2024-12-31,1,343.61
414,206,571,14,2023-03-02,3,61.58
415,207,483,156,2023-12-29,5,272.35
416,208,767,12,2025-04-09,1,90.67
417,208,767,65,2025-04-09,5,126.38
418,208,767,159,2025-04-09,4,170.04
419,209,405,95,2024-11-18,2,109.36
420,209,405,144,2024-11-18,1,456.73
421,210,184,44,2023-09-24,5,147.78
422,210,184,127,2023-09-24,3,191.09
423,210,184,120,2023-09-24,2,178.99
424,211,325,136,2024-12-28,4,497.99
425,212,267,81,2023-04-30,1,426.46
426,213,512,72,2025-06-11,3,148.15
427,214,290,68,2025-06-16,5,269.83
428,214,290,195,2025-06-16,3,215.96
429,215,321,43,2024-03-22,3,420.77
430,215,321,189,2024-03-22,4,452.80
431,215,321,196,2024-03-22,2,165.49
432,216,874,163,2024-11-04,4,381.41
433,216,874,14,2024-11-04,2,61.58
434,216,874,39,2024-11-04,1,205.98
435,217,188,121,2023-02-06,3,129.68
436,218,723,112,2024-04-23,1,328.89
437,219,42,92,2024-03-28,5,419.61
438,219,42,125,2024-03-28,4,355.49
439,220,116,185,2025-05-16,2,328.64
440,220,116,32,2025-05-16,3,424.57
441,221,209,73,2025-06-08,2,349.04
442,222,768,70,2024-06-04,5,289.10
443,223,600,150,2023-08-06,1,466.77
444,223,600,135,2023-08-06,5,194.48
445,223,600,47,2023-08-06,4,362.05
446,224,253,128,2025-02-25,1,448.51
447,225,27,175,2023-10-19,1,252.33
448,225,27,101,2023-10-19,3,192.99
449,226,952,83,2023-04-19,2,141.22
450,226,952,8,2023-04-19,1,108.07
451,226,952,118,2023-04-19,4,10.91
452,227,644,153,2023-10-03,1,260.10
453,227,644,85,2023-10-03,1,303.88
454,228,638,84,2024-04-08,5,12.02
455,228,638,34,2024-04-08,2,5.41
456,228,638,13,2024-04-08,3,370.98
457,229,818,191,2023-02-26,1,418.49
458,229,818,141,2023-02-26,5,324.50
459,230,95,66,2024-02-13,2,343.61
460,230,95,62,2024-02-13,4,75.32
461,231,22,54,2025-05-22,2,96.96
462,232,799,73,2024-02-17,2,349.04
463,232,799,31,2024-02-17,3,307.68
464,233,821,189,2024-03-18,3,452.80
465,233,821,176,2024-03-18,5,483.44
466,234,368,25,2024-11-12,3,198.03
467,235,205,115,2024-05-16,4,262.37
468,235,205,122,2024-05-16,3,16.72
469,235,205,145,2024-05-16,5,56.12
470,236,93,109,2025-02-13,3,307.18
471,236,93,158,2025-02-13,2,64.99
472,237,646,24,2024-03-12,1,229.21
473,237,646,132,2024-03-12,3,385.82
474,238,693,166,2023-08-18,2,332.05
475,238,693,127,2023-08-18,5,191.09
476,239,663,22,2024-06-21,3,444.18
477,239,663,120,2024-06-21,4,178.99
478,239,663,21,2024-06-21,4,49.80
479,240,153,176,2023-05-11,3,483.44
480,240,153,64,2023-05-11,5,264.05
481,241,303,13,2024-08-05,5,370.98
482,241,303,20,2024-08-05,1,167.06
483,242,111,109,2024-06-06,4,307.18
484,242,111,25,2024-06-06,4,198.03
485,242,111,170,2024-06-06,5,368.98
486,243,364,150,2023-09-18,1,466.77
487,243,364,197,2023-09-18,5,164.18
488,244,117,170,2025-01-28,4,368.98
489,245,806,101,2023-07-06,1,192.99
490,246,427,181,2025-06-16,3,470.33
491,247,602,117,2025-01-11,4,338.03
492,247,602,160,2025-01-11,3,203.29
493,248,990,48,2025-06-11,2,330.66
494,248,990,48,2025-06-11,1,330.66
495,249,619,173,2023-09-23,1,247.16
496,249,619,112,2023-09-23,5,328.89
497,249,619,5,2023-09-23,1,123.08
498,250,120,44,2023-01-14,4,147.78
499,250,120,118,2023-01-14,4,10.91
500,251,989,155,2025-02-01,4,422.79
501,251,989,78,2025-02-01,5,405.39
502,251,989,158,2025-02-01,3,64.99
503,252,690,173,2024-12-07,4,247.16
504,252,690,78,2024-12-07,1,405.39
505,252,690,33,2024-12-07,2,35.88
506,253,196,5,2023-04-25,2,123.08
507,254,215,167,2024-05-07,2,349.45
508,255,248,161,2024-03-22,5,185.84
509,255,248,49,2024-03-22,1,46.90
510,255,248,78,2024-03-22,4,405.39
511,256,486,6,2024-03-08,1,276.22
512,257,925,190,2023-06-06,4,230.80
513,258,483,116,2023-01-21,5,160.06
514,258,483,63,2023-01-21,2,235.13
515,259,584,101,2025-04-29,1,192.99
516,259,584,86,2025-04-29,1,331.27
517,260,646,183,2025-05-17,4,462.77
518,261,869,189,2024-05-22,5,452.80
519,261,869,153,2024-05-22,5,260.10
520,262,38,103,2024-05-14,4,267.56
521,262,38,132,2024-05-14,5,385.82
522,263,627,125,2024-11-25,2,355.49
523,263,627,183,2024-11-25,1,462.77
524,263,627,136,2024-11-25,1,497.99
525,264,591,142,2023-11-20,1,76.21
526,264,591,69,2023-11-20,4,237.08
527,265,120,160,2024-05-21,3,203.29
528,265,120,115,2024-05-21,4,262.37
529,266,166,186,2023-10-22,2,454.04
530,267,353,60,2024-03-24,5,61.01
531,267,353,57,2024-03-24,5,208.35
532,268,348,184,2024-09-08,4,369.04
533,268,348,34,2024-09-08,3,5.41
534,268,348,186,2024-09-08,4,454.04
535,269,854,168,2024-11-20,3,317.15
536,269,854,121,2024-11-20,2,129.68
537,270,213,177,2023-10-17,1,23.33
538,270,213,171,2023-10-17,4,22.66
539,270,213,34,2023-10-17,2,5.41
540,271,161,126,2024-09-12,1,47.75
541,272,966,78,2024-05-20,2,405.39
542,272,966,54,2024-05-20,5,96.96
543,273,19,67,2024-01-03,3,308.44
544,274,163,129,2023-06-28,1,130.39
545,274,163,17,2023-06-28,3,157.47
546,274,163,111,2023-06-28,1,402.14
547,275,233,144,2023-05-04,2,456.73
548,275,233,125,2023-05-04,3,355.49
549,275,233,88,2023-05-04,3,392.34
550,276,789,143,2025-06-17,3,113.09
551,277,874,132,2024-12-07,5,385.82
552,278,107,13,2024-12-24,4,370.98
553,278,107,118,2024-12-24,1,10.91
554,278,107,28,2024-12-24,5,459.65
555,279,801,27,2025-05-28,5,153.36
556,279,801,11,2025-05-28,5,274.53
557,279,801,27,2025-05-28,2,153.36
558,280,121,53,2025-06-10,3,195.42
559,280,121,41,2025-06-10,3,240.05
560,280,121,182,2025-06-10,4,371.81
561,281,511,26,2025-01-20,2,101.84
562,281,511,166,2025-01-20,3,332.05
563,281,511,86,2025-01-20,2,331.27
564,282,869,113,2023-07-26,4,233.24
565,283,252,122,2025-05-04,3,16.72
566,284,518,22,2023-06-25,3,444.18
567,284,518,96,2023-06-25,4,31.88
568,285,645,63,2024-11-11,2,235.13
569,285,645,193,2024-11-11,5,61.51
570,286,807,36,2023-08-22,4,433.50
571,286,807,106,2023-08-22,4,481.06
572,287,975,133,2025-05-22,3,132.37
573,287,975,8,2025-05-22,4,108.07
574,288,789,184,2023-01-11,5,369.04
575,289,87,81,2023-12-13,4,426.46
576,290,445,101,2023-03-04,1,192.99
577,291,945,39,2024-10-18,5,205.98
578,291,945,15,2024-10-18,5,166.05
579,291,945,76,2024-10-18,4,291.17
580,292,908,180,2024-11-28,5,404.51
581,292,908,78,2024-11-28,3,405.39
582,293,9,72,2025-04-26,5,148.15
583,293,9,157,2025-04-26,2,195.28
584,294,414,165,2024-04-01,2,279.46
585,294,414,140,2024-04-01,5,307.09
586,294,414,159,2024-04-01,4,170.04
587,295,354,167,2025-06-27,4,349.45
588,295,354,199,2025-06-27,2,171.06
589,295,354,78,2025-06-27,1,405.39
590,296,551,100,2023-12-09,2,240.74
591,297,554,55,2023-10-18,1,291.07
592,297,554,131,2023-10-18,5,321.19
593,297,554,80,2023-10-18,5,67.77
594,298,776,41,2024-10-12,1,240.05
595,298,776,8,2024-10-12,5,108.07
596,299,265,199,2023-09-05,3,171.06
597,299,265,186,2023-09-05,4,454.04
598,299,265,130,2023-09-05,1,331.93
599,300,62,96,2025-05-11,3,31.88
600,300,62,161,2025-05-11,5,185.84
601,300,62,91,2025-05-11,1,483.83
602,301,775,32,2024-10-28,4,424.57
603,302,587,2,2025-01-24,4,166.30
604,302,587,87,2025-01-24,2,404.87
605,303,596,183,2024-08-02,5,462.77
606,303,596,153,2024-08-02,2,260.10
607,303,596,90,2024-08-02,3,174.70
608,304,683,184,2025-03-14,5,369.04
609,304,683,173,2025-03-14,2,247.16
610,305,387,189,2024-06-16,2,452.80
611,305,387,27,2024-06-16,3,153.36
612,305,387,133,2024-06-16,5,132.37
613,306,843,93,2025-03-08,4,386.32
614,307,151,109,2024-12-29,4,307.18
615,308,95,109,2023-03-05,2,307.18
616,309,220,20,2024-04-01,3,167.06
617,309,220,174,2024-04-01,5,397.40
618,310,603,133,2024-07-26,4,132.37
619,310,603,68,2024-07-26,5,269.83
620,311,652,113,2024-03-09,4,233.24
621,311,652,188,2024-03-09,4,12.10
622,312,148,33,2024-06-01,4,35.88
623,313,469,181,2023-05-13,5,470.33
624,313,469,136,2023-05-13,1,497.99
625,313,469,178,2023-05-13,2,172.16
626,314,485,192,2023-02-03,2,409.80
627,314,485,144,2023-02-03,3,456.73
628,315,617,105,2025-05-22,1,194.08
629,316,379,75,2024-08-08,1,35.39
630,317,157,96,2023-05-01,3,31.88
631,317,157,96,2023-05-01,3,31.88
632,317,157,76,2023-05-01,4,291.17
633,318,811,37,2023-05-27,5,218.69
634,319,50,73,2023-11-09,2,349.04
635,319,50,47,2023-11-09,4,362.05
636,320,126,90,2024-07-14,1,174.70
637,321,428,147,2024-05-07,3,389.72
638,322,464,97,2023-12-12,4,378.95
639,322,464,185,2023-12-12,5,328.64
640,322,464,34,2023-12-12,2,5.41
641,323,652,195,2024-04-16,4,215.96
642,323,652,171,2024-04-16,4,22.66
643,323,652,39,2024-04-16,3,205.98
644,324,820,171,2024-10-01,5,22.66
645,325,397,102,2023-08-27,3,239.91
646,325,397,139,2023-08-27,1,248.39
647,326,912,189,2024-03-29,3,452.80
648,326,912,166,2024-03-29,1,332.05
649,326,912,43,2024-03-29,1,420.77
650,327,646,198,2025-03-26,3,383.28
651,327,646,144,2025-03-26,1,456.73
652,327,646,165,2025-03-26,5,279.46
653,328,198,139,2024-09-25,5,248.39
654,329,981,134,2024-08-06,2,142.25
655,330,515,31,2023-01-20,5,307.68
656,330,515,47,2023-01-20,1,362.05
657,331,806,63,2023-07-30,5,235.13
658,331,806,114,2023-07-30,1,368.48
659,332,622,103,2023-11-25,5,267.56
660,332,622,12,2023-11-25,4,90.67
661,332,622,6,2023-11-25,3,276.22
662,333,185,7,2024-02-29,5,194.98
663,333,185,82,2024-02-29,4,129.76
664,334,94,26,2023-04-28,5,101.84
665,334,94,44,2023-04-28,3,147.78
666,335,188,197,2023-09-19,1,164.18
667,336,315,174,2024-02-22,2,397.40
668,337,630,47,2023-11-30,1,362.05
669,338,60,100,2023-11-02,1,240.74
670,338,60,82,2023-11-02,2,129.76
671,338,60,106,2023-11-02,3,481.06
672,339,385,31,2025-04-27,1,307.68
673,339,385,52,2025-04-27,2,257.15
674,340,601,127,2023-08-31,5,191.09
675,340,601,193,2023-08-31,5,61.51
676,340,601,99,2023-08-31,1,202.37
677,341,63,119,2023-11-22,5,265.00
678,341,63,105,2023-11-22,1,194.08
679,342,30,163,2024-02-22,2,381.41
680,342,30,5,2024-02-22,3,123.08
681,343,987,173,2024-08-23,1,247.16
682,343,987,64,2024-08-23,5,264.05
683,343,987,167,2024-08-23,2,349.45
684,344,582,115,2024-02-21,1,262.37
685,344,582,163,2024-02-21,5,381.41
686,345,802,96,2023-05-26,5,31.88
687,346,801,138,2023-09-09,4,93.07
688,347,463,1,2023-02-12,4,205.80
689,347,463,159,2023-02-12,3,170.04
690,347,463,168,2023-02-12,2,317.15
691,348,62,70,2024-05-08,5,289.10
692,349,860,98,2024-11-27,3,30.99
693,349,860,162,2024-11-27,2,44.82
694,350,861,73,2024-06-06,1,349.04
695,350,861,42,2024-06-06,5,279.92
696,350,861,145,2024-06-06,1,56.12
697,351,92,179,2024-02-09,1,205.72
698,351,92,36,2024-02-09,5,433.50
699,352,900,54,2024-03-18,5,96.96
700,352,900,130,2024-03-18,3,331.93
701,353,969,163,2023-12-17,3,381.41
702,353,969,193,2023-12-17,4,61.51
703,353,969,70,2023-12-17,2,289.10
704,354,330,54,2023-12-16,4,96.96
705,354,330,154,2023-12-16,3,241.67
706,354,330,5,2023-12-16,2,123.08
707,355,945,156,2023-01-03,4,272.35
708,355,945,2,2023-01-03,1,166.30
709,355,945,173,2023-01-03,2,247.16
710,356,570,181,2024-12-14,4,470.33
711,356,570,196,2024-12-14,4,165.49
712,357,84,167,2025-03-17,1,349.45
713,357,84,138,2025-03-17,1,93.07
714,357,84,172,2025-03-17,4,361.26
715,358,127,97,2023-12-28,5,378.95
716,358,127,92,2023-12-28,4,419.61
717,358,127,46,2023-12-28,1,325.94
718,359,474,50,2024-01-15,4,430.77
719,360,227,6,2025-01-30,3,276.22
720,361,944,92,2024-12-27,2,419.61
721,361,944,24,2024-12-27,5,229.21
722,361,944,161,2024-12-27,3,185.84
723,362,227,127,2023-08-28,3,191.09
724,362,227,10,2023-08-28,3,285.76
725,362,227,127,2023-08-28,5,191.09
726,363,8,164,2023-07-20,4,325.65
727,364,891,146,2023-10-12,5,39.84
728,365,175,50,2024-07-19,5,430.77
729,365,175,173,2024-07-19,5,247.16
730,366,180,151,2023-03-08,2,136.88
731,366,180,191,2023-03-08,1,418.49
732,366,180,33,2023-03-08,3,35.88
733,367,877,134,2023-08-22,3,142.25
734,367,877,50,2023-08-22,1,430.77
735,367,877,178,2023-08-22,5,172.16
736,368,259,144,2024-11-28,4,456.73
737,368,259,1,2024-11-28,4,205.80
738,368,259,165,2024-11-28,1,279.46
739,369,443,105,2025-05-14,3,194.08
740,369,443,32,2025-05-14,5,424.57
741,370,508,133,2024-01-06,1,132.37
742,370,508,185,2024-01-06,2,328.64
743,371,285,137,2024-03-06,4,478.01
744,372,6,50,2024-02-06,3,430.77
745,372,6,21,2024-02-06,5,49.80
746,373,756,177,2023-08-20,4,23.33
747,374,940,51,2023-09-13,2,313.50
748,375,319,161,2023-03-06,1,185.84
749,375,319,8,2023-03-06,4,108.07
750,376,828,152,2023-01-25,3,452.78
751,376,828,65,2023-01-25,2,126.38
752,377,485,88,2023-09-02,1,392.34
753,378,533,61,2025-03-24,1,481.05
754,378,533,199,2025-03-24,5,171.06
755,379,450,25,2025-02-21,4,198.03
756,379,450,149,2025-02-21,1,328.16
757,379,450,22,2025-02-21,1,444.18
758,380,387,178,2023-11-17,1,172.16
759,381,64,114,2025-04-01,1,368.48
760,382,626,111,2024-10-03,1,402.14
761,382,626,27,2024-10-03,1,153.36
762,383,54,98,2023-10-29,4,30.99
763,383,54,25,2023-10-29,5,198.03
764,383,54,193,2023-10-29,4,61.51
765,384,886,169,2024-09-05,5,245.81
766,385,465,119,2024-01-29,4,265.00
767,386,635,87,2023-04-14,1,404.87
768,386,635,117,2023-04-14,5,338.03
769,386,635,85,2023-04-14,5,303.88
770,387,111,4,2023-04-16,5,203.39
771,388,70,50,2024-08-30,5,430.77
772,388,70,33,2024-08-30,5,35.88
773,388,70,66,2024-08-30,3,343.61
774,389,493,159,2025-01-12,4,170.04
775,389,493,48,2025-01-12,2,330.66
776,390,817,16,2023-02-15,2,411.89
777,391,599,132,2024-03-22,3,385.82
778,391,599,80,2024-03-22,5,67.77
779,392,795,38,2023-05-30,4,314.47
780,392,795,80,2023-05-30,5,67.77
781,392,795,88,2023-05-30,3,392.34
782,393,994,133,2023-01-09,5,132.37
783,393,994,169,2023-01-09,2,245.81
784,394,244,144,2024-06-03,1,456.73
785,395,353,52,2023-07-20,2,257.15
786,395,353,18,2023-07-20,3,39.45
787,396,684,178,2024-05-02,4,172.16
788,397,710,149,2023-12-06,5,328.16
789,397,710,86,2023-12-06,5,331.27
790,397,710,77,2023-12-06,4,329.87
791,398,167,117,2023-04-18,1,338.03
792,398,167,127,2023-04-18,2,191.09
793,399,655,178,2023-08-17,2,172.16
794,400,639,62,2023-08-07,4,75.32
795,400,639,189,2023-08-07,3,452.80
796,401,385,103,2023-07-30,2,267.56
797,401,385,2,2023-07-30,3,166.30
798,401,385,3,2023-07-30,1,397.24
799,402,31,30,2024-07-22,2,495.18
800,402,31,75,2024-07-22,4,35.39
801,403,647,196,2024-08-22,3,165.49
802,404,999,51,2023-01-31,2,313.50
803,405,179,68,2023-08-13,2,269.83
804,405,179,87,2023-08-13,5,404.87
805,406,183,6,2023-07-20,2,276.22
806,407,933,6,2023-04-14,2,276.22
807,407,933,98,2023-04-14,1,30.99
808,408,959,79,2023-08-04,4,146.96
809,408,959,62,2023-08-04,3,75.32
810,409,677,135,2023-06-25,5,194.48
811,409,677,112,2023-06-25,1,328.89
812,410,148,34,2025-06-22,2,5.41
813,411,546,178,2024-01-23,3,172.16
814,412,614,163,2024-03-15,2,381.41
815,412,614,12,2024-03-15,5,90.67
816,413,194,138,2025-05-24,3,93.07
817,413,194,39,2025-05-24,3,205.98
818,413,194,64,2025-05-24,1,264.05
819,414,815,33,2023-10-14,5,35.88
820,414,815,150,2023-10-14,4,466.77
821,414,815,54,2023-10-14,1,96.96
822,415,810,158,2024-11-10,1,64.99
823,415,810,43,2024-11-10,5,420.77
824,416,770,166,2025-06-22,5,332.05
825,416,770,96,2025-06-22,4,31.88
826,417,476,83,2023-07-03,3,141.22
827,417,476,135,2023-07-03,4,194.48
828,417,476,184,2023-07-03,4,369.04
829,418,275,103,2024-08-18,5,267.56
830,418,275,167,2024-08-18,1,349.45
831,419,225,116,2023-07-27,2,160.06
832,420,224,109,2023-11-10,4,307.18
833,420,224,147,2023-11-10,2,389.72
834,421,261,22,2024-07-17,2,444.18
835,421,261,193,2024-07-17,1,61.51
836,422,456,91,2024-06-15,2,483.83
837,422,456,150,2024-06-15,1,466.77
838,423,525,87,2024-09-28,4,404.87
839,423,525,116,2024-09-28,4,160.06
840,424,419,128,2024-01-12,3,448.51
841,424,419,70,2024-01-12,4,289.10
842,425,184,60,2024-03-28,3,61.01
843,426,78,22,2024-01-03,3,444.18
844,426,78,129,2024-01-03,5,130.39
845,426,78,140,2024-01-03,1,307.09
846,427,949,26,2023-08-22,1,101.84
847,427,949,19,2023-08-22,3,344.32
848,428,560,86,2023-07-25,2,331.27
849,429,338,78,2023-09-14,3,405.39
850,429,338,49,2023-09-14,5,46.90
851,429,338,36,2023-09-14,5,433.50
852,430,9,77,2025-02-27,3,329.87
853,430,9,89,2025-02-27,4,245.02
854,431,842,194,2024-08-16,1,36.23
855,431,842,121,2024-08-16,5,129.68
856,432,887,59,2024-02-12,2,286.22
857,433,768,122,2023-08-03,2,16.72
858,433,768,133,2023-08-03,5,132.37
859,433,768,142,2023-08-03,4,76.21
860,434,834,88,2024-04-17,1,392.34
861,434,834,81,2024-04-17,2,426.46
862,434,834,110,2024-04-17,4,170.80
863,435,450,143,2024-04-05,1,113.09
864,436,143,33,2024-08-14,3,35.88
865,436,143,189,2024-08-14,1,452.80
866,437,830,91,2024-11-05,3,483.83
867,437,830,58,2024-11-05,4,21.55
868,438,703,104,2025-02-09,5,10.86
869,438,703,77,2025-02-09,3,329.87
870,439,24,9,2024-08-04,2,393.23
871,439,24,40,2024-08-04,3,274.82
872,439,24,146,2024-08-04,5,39.84
873,440,588,101,2025-06-06,4,192.99
874,440,588,53,2025-06-06,4,195.42
875,440,588,17,2025-06-06,5,157.47
876,441,193,28,2024-05-01,3,459.65
877,441,193,146,2024-05-01,4,39.84
878,442,917,24,2023-11-08,2,229.21
879,442,917,27,2023-11-08,5,153.36
880,442,917,46,2023-11-08,1,325.94
881,443,618,7,2024-05-15,2,194.98
882,443,618,51,2024-05-15,1,313.50
883,443,618,99,2024-05-15,3,202.37
884,444,239,169,2023-10-26,5,245.81
885,445,466,95,2023-02-28,5,109.36
886,446,176,106,2023-12-01,4,481.06
887,447,114,138,2023-05-13,4,93.07
888,448,761,100,2023-03-12,2,240.74
889,448,761,34,2023-03-12,2,5.41
890,449,443,182,2025-04-17,4,371.81
891,449,443,41,2025-04-17,5,240.05
892,450,962,151,2023-11-14,2,136.88
893,450,962,129,2023-11-14,4,130.39
894,450,962,71,2023-11-14,2,213.39
895,451,147,17,2024-04-01,4,157.47
896,452,827,135,2023-09-10,3,194.48
897,452,827,146,2023-09-10,4,39.84
898,452,827,118,2023-09-10,4,10.91
899,453,41,24,2025-01-24,3,229.21
900,453,41,166,2025-01-24,4,332.05
901,453,41,89,2025-01-24,3,245.02
902,454,628,45,2025-04-23,4,71.46
903,454,628,64,2025-04-23,2,264.05
904,455,751,118,2024-03-18,4,10.91
905,455,751,169,2024-03-18,2,245.81
906,455,751,179,2024-03-18,5,205.72
907,456,403,12,2024-12-16,2,90.67
908,457,281,161,2025-06-22,5,185.84
909,458,683,179,2023-03-10,2,205.72
910,458,683,127,2023-03-10,4,191.09
911,459,125,20,2024-01-13,1,167.06
912,459,125,130,2024-01-13,3,331.93
913,459,125,105,2024-01-13,4,194.08
914,460,259,130,2023-08-01,1,331.93
915,461,28,164,2023-03-16,4,325.65
916,461,28,98,2023-03-16,3,30.99
917,462,409,50,2025-05-26,4,430.77
918,462,409,10,2025-05-26,1,285.76
919,462,409,65,2025-05-26,1,126.38
920,463,940,84,2023-05-20,4,12.02
921,463,940,125,2023-05-20,4,355.49
922,463,940,18,2023-05-20,1,39.45
923,464,673,183,2023-09-06,4,462.77
924,464,673,36,2023-09-06,4,433.50
925,464,673,72,2023-09-06,2,148.15
926,465,859,156,2023-01-19,1,272.35
927,466,302,137,2023-05-08,4,478.01
928,467,80,196,2024-11-18,1,165.49
929,468,280,113,2023-06-07,3,233.24
930,468,280,46,2023-06-07,2,325.94
931,468,280,183,2023-06-07,1,462.77
932,469,546,114,2023-08-10,1,368.48
933,469,546,163,2023-08-10,5,381.41
934,469,546,165,2023-08-10,1,279.46
935,470,707,114,2023-11-12,1,368.48
936,470,707,154,2023-11-12,1,241.67
937,471,791,197,2024-01-22,2,164.18
938,472,384,52,2023-09-02,1,257.15
939,473,432,4,2023-01-29,3,203.39
940,474,697,17,2024-11-16,2,157.47
941,475,817,171,2025-05-05,2,22.66
942,476,172,107,2023-02-15,5,53.19
943,476,172,28,2023-02-15,3,459.65
944,476,172,83,2023-02-15,5,141.22
945,477,195,54,2024-10-01,5,96.96
946,477,195,102,2024-10-01,4,239.91
947,477,195,31,2024-10-01,2,307.68
948,478,109,83,2024-01-01,2,141.22
949,479,412,81,2024-10-31,1,426.46
950,480,218,57,2024-04-14,1,208.35
951,480,218,169,2024-04-14,3,245.81
952,481,639,12,2024-01-13,1,90.67
953,481,639,56,2024-01-13,4,357.49
954,481,639,78,2024-01-13,5,405.39
955,482,105,138,2024-12-30,5,93.07
956,482,105,44,2024-12-30,3,147.78
957,483,615,162,2023-11-29,4,44.82
958,484,947,178,2025-02-28,2,172.16
959,484,947,86,2025-02-28,2,331.27
960,484,947,163,2025-02-28,3,381.41
961,485,494,86,2023-03-11,1,331.27
962,485,494,156,2023-03-11,5,272.35
963,485,494,115,2023-03-11,4,262.37
964,486,656,60,2025-01-29,5,61.01
965,486,656,151,2025-01-29,1,136.88
966,486,656,60,2025-01-29,1,61.01
967,487,778,80,2023-05-08,2,67.77
968,487,778,189,2023-05-08,4,452.80
969,487,778,194,2023-05-08,2,36.23
970,488,82,36,2023-03-03,3,433.50
971,488,82,128,2023-03-03,3,448.51
972,488,82,52,2023-03-03,2,257.15
973,489,210,10,2024-10-19,2,285.76
974,489,210,186,2024-10-19,5,454.04
975,490,757,85,2025-06-17,2,303.88
976,490,757,72,2025-06-17,3,148.15
977,491,806,11,2025-02-17,5,274.53
978,491,806,107,2025-02-17,3,53.19
979,491,806,193,2025-02-17,1,61.51
980,492,868,85,2025-01-20,3,303.88
981,493,211,14,2024-07-06,2,61.58
982,494,713,57,2025-01-06,5,208.35
983,494,713,98,2025-01-06,5,30.99
984,494,713,83,2025-01-06,2,141.22
985,495,645,17,2023-01-07,4,157.47
986,495,645,18,2023-01-07,2,39.45
987,496,650,53,2023-05-25,2,195.42
988,497,178,141,2024-08-29,2,324.50
989,498,520,110,2023-03-22,4,170.80
990,499,169,51,2025-01-08,2,313.50
991,499,169,109,2025-01-08,2,307.18
992,500,255,74,2023-11-07,5,364.84
993,500,255,115,2023-11-07,2,262.37
994,500,255,70,2023-11-07,4,289.10
995,501,974,102,2024-01-04,4,239.91
996,502,483,109,2024-03-27,5,307.18
997,503,753,195,2024-03-19,2,215.96
998,503,753,124,2024-03-19,1,475.48
999,503,753,196,2024-03-19,4,165.49
1000,504,875,195,2023-03-27,3,215.96
1001,504,875,153,2023-03-27,5,260.10
1002,505,567,45,2025-01-14,3,71.46
1003,506,475,117,2023-11-10,3,338.03
1004,506,475,97,2023-11-10,5,378.95
1005,507,493,86,2023-03-15,2,331.27
1006,507,493,184,2023-03-15,4,369.04
1007,507,493,51,2023-03-15,2,313.50
1008,508,5,129,2023-01-14,3,130.39
1009,509,415,102,2024-03-01,3,239.91
1010,509,415,99,2024-03-01,4,202.37
1011,510,657,19,2024-08-25,4,344.32
1012,510,657,10,2024-08-25,1,285.76
1013,511,955,42,2024-08-02,2,279.92
1014,511,955,196,2024-08-02,4,165.49
1015,512,790,185,2025-02-08,3,328.64
1016,512,790,131,2025-02-08,4,321.19
1017,513,706,179,2024-01-13,1,205.72
1018,513,706,167,2024-01-13,4,349.45
1019,513,706,109,2024-01-13,2,307.18
1020,514,490,93,2023-02-05,1,386.32
1021,515,682,38,2024-10-22,3,314.47
1022,515,682,155,2024-10-22,4,422.79
1023,515,682,175,2024-10-22,2,252.33
1024,516,254,149,2024-09-08,2,328.16
1025,516,254,4,2024-09-08,1,203.39
1026,517,660,99,2024-12-29,4,202.37
1027,518,601,133,2023-03-24,2,132.37
1028,518,601,109,2023-03-24,2,307.18
1029,518,601,110,2023-03-24,3,170.80
1030,519,310,137,2024-05-27,4,478.01
1031,519,310,151,2024-05-27,3,136.88
1032,519,310,188,2024-05-27,4,12.10
1033,520,891,28,2023-04-02,5,459.65
1034,520,891,199,2023-04-02,3,171.06
1035,520,891,37,2023-04-02,3,218.69
1036,521,215,102,2025-02-05,3,239.91
1037,521,215,2,2025-02-05,2,166.30
1038,521,215,126,2025-02-05,1,47.75
1039,522,72,179,2025-03-03,4,205.72
1040,523,427,74,2024-11-01,4,364.84
1041,523,427,44,2024-11-01,2,147.78
1042,523,427,96,2024-11-01,2,31.88
1043,524,138,125,2023-07-22,2,355.49
1044,524,138,129,2023-07-22,1,130.39
1045,524,138,116,2023-07-22,5,160.06
1046,525,191,16,2023-07-25,2,411.89
1047,526,266,105,2025-06-11,4,194.08
1048,527,935,28,2024-10-01,2,459.65
1049,527,935,21,2024-10-01,3,49.80
1050,527,935,22,2024-10-01,4,444.18
1051,528,284,88,2023-03-07,1,392.34
1052,529,241,125,2024-05-04,1,355.49
1053,529,241,3,2024-05-04,1,397.24
1054,529,241,69,2024-05-04,1,237.08
1055,530,597,11,2025-03-19,1,274.53
1056,530,597,55,2025-03-19,5,291.07
1057,530,597,2,2025-03-19,4,166.30
1058,531,533,69,2025-02-18,4,237.08
1059,531,533,122,2025-02-18,3,16.72
1060,531,533,155,2025-02-18,4,422.79
1061,532,380,88,2024-11-29,3,392.34
1062,532,380,62,2024-11-29,3,75.32
1063,533,409,157,2024-01-23,1,195.28
1064,533,409,92,2024-01-23,3,419.61
1065,533,409,26,2024-01-23,1,101.84
1066,534,892,103,2024-12-16,2,267.56
1067,534,892,7,2024-12-16,5,194.98
1068,535,890,72,2024-06-27,2,148.15
1069,536,463,176,2024-09-25,4,483.44
1070,536,463,132,2024-09-25,4,385.82
1071,537,193,164,2023-01-04,3,325.65
1072,537,193,5,2023-01-04,3,123.08
1073,537,193,12,2023-01-04,3,90.67
1074,538,455,156,2023-08-28,4,272.35
1075,538,455,103,2023-08-28,5,267.56
1076,538,455,21,2023-08-28,3,49.80
1077,539,962,169,2024-05-02,1,245.81
1078,539,962,188,2024-05-02,4,12.10
1079,540,622,183,2023-07-19,2,462.77
1080,540,622,134,2023-07-19,5,142.25
1081,541,517,33,2023-02-02,4,35.88
1082,541,517,23,2023-02-02,3,379.74
1083,541,517,173,2023-02-02,5,247.16
1084,542,173,30,2024-04-01,4,495.18
1085,542,173,170,2024-04-01,5,368.98
1086,543,250,44,2023-08-05,1,147.78
1087,544,446,8,2025-01-02,2,108.07
1088,545,925,197,2024-01-28,3,164.18
1089,545,925,57,2024-01-28,3,208.35
1090,546,488,32,2024-11-17,2,424.57
1091,546,488,137,2024-11-17,4,478.01
1092,546,488,24,2024-11-17,3,229.21
1093,547,955,197,2024-08-12,5,164.18
1094,548,660,97,2023-12-18,4,378.95
1095,549,658,144,2025-03-14,4,456.73
1096,549,658,60,2025-03-14,2,61.01
1097,549,658,67,2025-03-14,1,308.44
1098,550,90,23,2023-04-25,3,379.74
1099,550,90,190,2023-04-25,5,230.80
1100,551,763,147,2023-04-29,3,389.72
1101,552,874,98,2023-11-17,5,30.99
1102,553,2,16,2023-11-15,5,411.89
1103,553,2,138,2023-11-15,2,93.07
1104,553,2,100,2023-11-15,4,240.74
1105,554,790,174,2024-01-09,2,397.40
1106,554,790,134,2024-01-09,5,142.25
1107,555,228,102,2023-04-20,1,239.91
1108,555,228,138,2023-04-20,4,93.07
1109,555,228,81,2023-04-20,2,426.46
1110,556,858,128,2023-08-13,4,448.51
1111,556,858,38,2023-08-13,5,314.47
1112,557,150,171,2025-02-03,1,22.66
1113,557,150,154,2025-02-03,3,241.67
1114,558,515,32,2024-12-06,3,424.57
1115,558,515,181,2024-12-06,5,470.33
1116,559,647,56,2025-04-28,4,357.49
1117,559,647,75,2025-04-28,4,35.39
1118,560,830,40,2023-12-08,2,274.82
1119,561,957,58,2025-04-09,1,21.55
1120,561,957,199,2025-04-09,2,171.06
1121,561,957,125,2025-04-09,4,355.49
1122,562,835,41,2024-11-06,1,240.05
1123,562,835,141,2024-11-06,4,324.50
1124,563,433,122,2024-11-25,3,16.72
1125,563,433,194,2024-11-25,4,36.23
1126,564,74,187,2024-06-24,3,125.12
1127,564,74,73,2024-06-24,2,349.04
1128,565,877,101,2024-07-15,1,192.99
1129,565,877,34,2024-07-15,3,5.41
1130,565,877,193,2024-07-15,5,61.51
1131,566,871,78,2024-12-27,4,405.39
1132,567,168,36,2024-08-14,4,433.50
1133,567,168,179,2024-08-14,4,205.72
1134,567,168,75,2024-08-14,2,35.39
1135,568,224,192,2025-04-03,2,409.80
1136,569,667,93,2023-01-10,5,386.32
1137,569,667,27,2023-01-10,2,153.36
1138,569,667,97,2023-01-10,4,378.95
1139,570,862,15,2023-06-22,1,166.05
1140,570,862,92,2023-06-22,4,419.61
1141,570,862,46,2023-06-22,1,325.94
1142,571,528,87,2024-10-27,5,404.87
1143,572,994,161,2023-06-02,4,185.84
1144,572,994,63,2023-06-02,1,235.13
1145,573,247,126,2024-02-11,3,47.75
1146,574,611,168,2023-06-26,4,317.15
1147,574,611,199,2023-06-26,1,171.06
1148,574,611,200,2023-06-26,4,140.57
1149,575,392,162,2023-10-09,4,44.82
1150,575,392,95,2023-10-09,1,109.36
1151,575,392,31,2023-10-09,1,307.68
1152,576,125,165,2024-05-15,5,279.46
1153,577,24,147,2024-08-23,5,389.72
1154,578,281,191,2024-12-11,1,418.49
1155,578,281,152,2024-12-11,2,452.78
1156,579,496,180,2024-10-22,4,404.51
1157,579,496,77,2024-10-22,5,329.87
1158,580,102,17,2023-11-30,5,157.47
1159,581,416,180,2025-04-12,1,404.51
1160,582,570,138,2025-04-17,5,93.07
1161,582,570,126,2025-04-17,1,47.75
1162,583,858,138,2024-08-21,1,93.07
1163,583,858,193,2024-08-21,2,61.51
1164,583,858,169,2024-08-21,1,245.81
1165,584,883,178,2024-09-05,2,172.16
1166,585,569,81,2024-04-02,1,426.46
1167,586,132,53,2024-08-11,2,195.42
1168,587,576,193,2023-09-20,1,61.51
1169,588,128,77,2024-06-02,3,329.87
1170,589,176,169,2024-03-09,1,245.81
1171,589,176,64,2024-03-09,3,264.05
1172,589,176,12,2024-03-09,5,90.67
1173,590,675,114,2024-06-30,2,368.48
1174,590,675,148,2024-06-30,4,448.76
1175,591,321,91,2024-06-19,5,483.83
1176,591,321,138,2024-06-19,5,93.07
1177,591,321,54,2024-06-19,1,96.96
1178,592,840,61,2023-02-15,1,481.05
1179,592,840,49,2023-02-15,2,46.90
1180,592,840,77,2023-02-15,2,329.87
1181,593,617,56,2024-07-19,5,357.49
1182,594,285,187,2023-05-12,5,125.12
1183,594,285,109,2023-05-12,1,307.18
1184,595,262,98,2023-09-24,2,30.99
1185,595,262,103,2023-09-24,4,267.56
1186,595,262,22,2023-09-24,3,444.18
1187,596,436,37,2024-12-12,5,218.69
1188,596,436,53,2024-12-12,1,195.42
1189,596,436,162,2024-12-12,3,44.82
1190,597,714,50,2024-10-23,3,430.77
1191,597,714,145,2024-10-23,5,56.12
1192,597,714,155,2024-10-23,2,422.79
1193,598,842,81,2023-06-07,4,426.46
1194,598,842,98,2023-06-07,1,30.99
1195,599,254,70,2023-03-21,1,289.10
1196,599,254,137,2023-03-21,1,478.01
1197,599,254,176,2023-03-21,5,483.44
1198,600,68,164,2023-12-04,1,325.65
1199,600,68,93,2023-12-04,3,386.32
1200,601,150,58,2025-06-08,3,21.55
1201,601,150,3,2025-06-08,1,397.24
1202,602,993,97,2023-08-16,1,378.95
1203,602,993,32,2023-08-16,2,424.57
1204,603,746,79,2025-06-15,5,146.96
1205,603,746,126,2025-06-15,1,47.75
1206,603,746,136,2025-06-15,3,497.99
1207,604,586,73,2025-06-05,5,349.04
1208,604,586,70,2025-06-05,5,289.10
1209,604,586,26,2025-06-05,1,101.84
1210,605,326,100,2025-02-08,2,240.74
1211,606,826,174,2025-01-29,5,397.40
1212,606,826,142,2025-01-29,5,76.21
1213,607,489,33,2024-08-29,3,35.88
1214,607,489,3,2024-08-29,5,397.24
1215,608,160,33,2024-11-04,2,35.88
1216,608,160,97,2024-11-04,5,378.95
1217,608,160,189,2024-11-04,3,452.80
1218,609,941,164,2025-01-12,3,325.65
1219,610,797,174,2023-09-13,5,397.40
1220,610,797,108,2023-09-13,4,478.30
1221,610,797,47,2023-09-13,4,362.05
1222,611,818,129,2024-04-24,3,130.39
1223,611,818,71,2024-04-24,4,213.39
1224,612,965,59,2025-01-05,3,286.22
1225,612,965,163,2025-01-05,1,381.41
1226,612,965,79,2025-01-05,4,146.96
1227,613,866,163,2023-04-03,1,381.41
1228,613,866,20,2023-04-03,2,167.06
1229,614,170,15,2024-08-12,1,166.05
1230,615,293,127,2024-07-21,1,191.09
1231,615,293,109,2024-07-21,5,307.18
1232,615,293,188,2024-07-21,2,12.10
1233,616,510,176,2024-06-11,5,483.44
1234,616,510,179,2024-06-11,1,205.72
1235,617,15,49,2024-09-23,1,46.90
1236,617,15,183,2024-09-23,4,462.77
1237,618,548,89,2025-02-06,2,245.02
1238,618,548,190,2025-02-06,5,230.80
1239,618,548,176,2025-02-06,5,483.44
1240,619,622,44,2024-04-04,5,147.78
1241,620,180,94,2023-03-18,2,332.02
1242,621,362,109,2023-02-22,4,307.18
1243,621,362,98,2023-02-22,2,30.99
1244,621,362,96,2023-02-22,1,31.88
1245,622,936,64,2024-11-26,5,264.05
1246,622,936,197,2024-11-26,1,164.18
1247,623,307,76,2024-05-09,3,291.17
1248,623,307,55,2024-05-09,1,291.07
1249,624,647,101,2024-08-05,2,192.99
1250,624,647,79,2024-08-05,5,146.96
1251,624,647,10,2024-08-05,4,285.76
1252,625,869,15,2024-05-14,3,166.05
1253,625,869,2,2024-05-14,5,166.30
1254,625,869,118,2024-05-14,3,10.91
1255,626,363,2,2023-04-20,3,166.30
1256,626,363,185,2023-04-20,2,328.64
1257,627,364,26,2023-01-10,4,101.84
1258,627,364,126,2023-01-10,2,47.75
1259,628,542,40,2024-06-10,4,274.82
1260,629,936,2,2024-05-14,2,166.30
1261,630,257,121,2023-08-20,4,129.68
1262,630,257,96,2023-08-20,3,31.88
1263,630,257,94,2023-08-20,4,332.02
1264,631,550,69,2025-04-11,1,237.08
1265,632,673,113,2025-05-09,2,233.24
1266,632,673,36,2025-05-09,3,433.50
1267,633,445,92,2023-01-06,2,419.61
1268,633,445,29,2023-01-06,2,360.30
1269,633,445,73,2023-01-06,1,349.04
1270,634,405,191,2024-03-07,3,418.49
1271,635,165,51,2024-11-13,4,313.50
1272,636,273,108,2023-05-02,4,478.30
1273,636,273,141,2023-05-02,4,324.50
1274,636,273,175,2023-05-02,2,252.33
1275,637,770,200,2025-02-21,4,140.57
1276,637,770,129,2025-02-21,4,130.39
1277,638,113,6,2023-04-21,2,276.22
1278,639,353,4,2024-05-27,2,203.39
1279,640,695,88,2025-04-29,4,392.34
1280,641,756,112,2023-01-09,4,328.89
1281,641,756,75,2023-01-09,3,35.39
1282,641,756,125,2023-01-09,1,355.49
1283,642,254,40,2024-09-24,5,274.82
1284,642,254,48,2024-09-24,2,330.66
1285,643,786,68,2023-04-28,2,269.83
1286,643,786,171,2023-04-28,4,22.66
1287,644,486,27,2024-12-24,5,153.36
1288,645,186,152,2023-07-13,2,452.78
1289,645,186,59,2023-07-13,1,286.22
1290,645,186,34,2023-07-13,4,5.41
1291,646,281,38,2023-07-16,4,314.47
1292,647,632,24,2023-07-24,1,229.21
1293,648,418,79,2024-06-21,2,146.96
1294,648,418,57,2024-06-21,3,208.35
1295,649,491,131,2023-03-04,4,321.19
1296,649,491,165,2023-03-04,1,279.46
1297,650,113,94,2023-10-03,3,332.02
1298,650,113,90,2023-10-03,4,174.70
1299,651,328,47,2023-02-18,1,362.05
1300,652,54,191,2024-11-07,3,418.49
1301,653,293,72,2024-04-28,5,148.15
1302,654,442,65,2023-07-09,4,126.38
1303,655,343,29,2023-11-08,1,360.30
1304,655,343,172,2023-11-08,1,361.26
1305,656,566,34,2025-02-27,3,5.41
1306,656,566,93,2025-02-27,3,386.32
1307,656,566,191,2025-02-27,5,418.49
1308,657,620,61,2024-01-16,3,481.05
1309,657,620,54,2024-01-16,5,96.96
1310,657,620,99,2024-01-16,1,202.37
1311,658,134,191,2024-10-06,5,418.49
1312,659,43,168,2024-08-23,2,317.15
1313,660,722,26,2024-04-01,1,101.84
1314,661,634,78,2023-12-18,4,405.39
1315,661,634,195,2023-12-18,2,215.96
1316,661,634,137,2023-12-18,2,478.01
1317,662,131,108,2023-07-16,5,478.30
1318,663,259,195,2025-06-17,5,215.96
1319,663,259,89,2025-06-17,3,245.02
1320,663,259,115,2025-06-17,1,262.37
1321,664,70,108,2024-05-09,5,478.30
1322,664,70,129,2024-05-09,1,130.39
1323,665,614,179,2023-10-08,2,205.72
1324,666,47,16,2024-08-02,2,411.89
1325,666,47,190,2024-08-02,4,230.80
1326,667,702,132,2024-06-29,1,385.82
1327,667,702,43,2024-06-29,4,420.77
1328,668,394,200,2024-07-29,4,140.57
1329,668,394,103,2024-07-29,5,267.56
1330,668,394,70,2024-07-29,2,289.10
1331,669,4,147,2023-06-13,2,389.72
1332,670,714,132,2023-01-10,4,385.82
1333,670,714,129,2023-01-10,5,130.39
1334,670,714,67,2023-01-10,3,308.44
1335,671,304,69,2024-12-26,5,237.08
1336,672,176,12,2023-08-18,5,90.67
1337,673,299,164,2023-02-10,2,325.65
1338,674,950,70,2023-05-17,1,289.10
1339,674,950,165,2023-05-17,2,279.46
1340,675,548,1,2023-04-29,3,205.80
1341,676,620,84,2024-01-13,1,12.02
1342,676,620,181,2024-01-13,5,470.33
1343,676,620,68,2024-01-13,2,269.83
1344,677,920,76,2024-09-18,3,291.17
1345,677,920,15,2024-09-18,1,166.05
1346,678,225,72,2025-01-18,2,148.15
1347,678,225,66,2025-01-18,1,343.61
1348,679,674,200,2025-06-07,5,140.57
1349,679,674,28,2025-06-07,4,459.65
1350,679,674,168,2025-06-07,3,317.15
1351,680,650,142,2024-09-10,2,76.21
1352,680,650,114,2024-09-10,2,368.48
1353,680,650,84,2024-09-10,3,12.02
1354,681,596,193,2024-10-06,4,61.51
1355,682,457,187,2023-08-26,4,125.12
1356,683,152,24,2024-05-05,4,229.21
1357,683,152,47,2024-05-05,4,362.05
1358,684,836,46,2025-06-02,2,325.94
1359,685,503,47,2025-01-16,3,362.05
1360,685,503,6,2025-01-16,3,276.22
1361,685,503,42,2025-01-16,2,279.92
1362,686,704,49,2024-09-14,1,46.90
1363,686,704,37,2024-09-14,1,218.69
1364,687,252,166,2024-04-10,4,332.05
1365,687,252,26,2024-04-10,5,101.84
1366,688,745,4,2025-02-07,5,203.39
1367,689,387,6,2024-01-29,1,276.22
1368,690,782,165,2025-04-30,1,279.46
1369,691,255,22,2025-02-27,3,444.18
1370,692,962,154,2024-10-04,1,241.67
1371,693,981,28,2025-03-21,5,459.65
1372,694,838,182,2023-12-13,1,371.81
1373,694,838,52,2023-12-13,2,257.15
1374,694,838,123,2023-12-13,5,33.15
1375,695,836,79,2023-06-17,3,146.96
1376,695,836,123,2023-06-17,2,33.15
1377,696,58,178,2024-07-10,3,172.16
1378,697,557,6,2023-05-07,1,276.22
1379,697,557,27,2023-05-07,5,153.36
1380,697,557,76,2023-05-07,1,291.17
1381,698,908,107,2025-05-06,2,53.19
1382,698,908,1,2025-05-06,2,205.80
1383,698,908,7,2025-05-06,2,194.98
1384,699,395,91,2023-05-31,3,483.83
1385,699,395,58,2023-05-31,4,21.55
1386,700,906,29,2025-01-02,4,360.30
1387,700,906,44,2025-01-02,1,147.78
1388,700,906,58,2025-01-02,1,21.55
1389,701,366,158,2023-03-20,3,64.99
1390,701,366,31,2023-03-20,3,307.68
1391,702,918,155,2023-02-14,2,422.79
1392,703,439,86,2024-06-27,5,331.27
1393,704,696,39,2024-03-11,3,205.98
1394,705,838,90,2023-10-21,1,174.70
1395,705,838,70,2023-10-21,4,289.10
1396,705,838,170,2023-10-21,3,368.98
1397,706,831,20,2024-12-29,1,167.06
1398,706,831,39,2024-12-29,2,205.98
1399,707,152,115,2024-02-04,4,262.37
1400,707,152,18,2024-02-04,1,39.45
1401,708,438,72,2025-01-14,2,148.15
1402,708,438,24,2025-01-14,3,229.21
1403,708,438,33,2025-01-14,2,35.88
1404,709,362,127,2023-11-23,4,191.09
1405,709,362,124,2023-11-23,4,475.48
1406,710,813,86,2024-10-13,2,331.27
1407,710,813,168,2024-10-13,2,317.15
1408,710,813,99,2024-10-13,4,202.37
1409,711,510,137,2024-07-05,4,478.01
1410,711,510,137,2024-07-05,5,478.01
1411,711,510,59,2024-07-05,4,286.22
1412,712,595,108,2025-01-02,5,478.30
1413,713,796,192,2024-12-11,2,409.80
1414,713,796,180,2024-12-11,1,404.51
1415,713,796,61,2024-12-11,3,481.05
1416,714,209,5,2025-05-21,3,123.08
1417,715,486,29,2023-05-17,1,360.30
1418,715,486,90,2023-05-17,3,174.70
1419,715,486,200,2023-05-17,2,140.57
1420,716,472,142,2023-05-28,4,76.21
1421,716,472,63,2023-05-28,2,235.13
1422,717,58,36,2025-02-03,1,433.50
1423,718,721,97,2023-05-27,1,378.95
1424,718,721,179,2023-05-27,4,205.72
1425,718,721,96,2023-05-27,1,31.88
1426,719,109,149,2024-11-09,1,328.16
1427,719,109,123,2024-11-09,5,33.15
1428,719,109,41,2024-11-09,1,240.05
1429,720,375,21,2023-05-25,2,49.80
1430,721,13,107,2024-08-05,2,53.19
1431,722,482,36,2025-01-31,5,433.50
1432,723,972,121,2023-11-03,4,129.68
1433,723,972,185,2023-11-03,3,328.64
1434,723,972,114,2023-11-03,1,368.48
1435,724,114,16,2023-06-09,1,411.89
1436,724,114,155,2023-06-09,2,422.79
1437,725,165,102,2023-01-12,4,239.91
1438,725,165,175,2023-01-12,4,252.33
1439,725,165,142,2023-01-12,3,76.21
1440,726,514,182,2023-11-10,2,371.81
1441,726,514,109,2023-11-10,2,307.18
1442,726,514,70,2023-11-10,1,289.10
1443,727,387,191,2023-05-09,2,418.49
1444,727,387,103,2023-05-09,5,267.56
1445,727,387,15,2023-05-09,2,166.05
1446,728,189,191,2025-04-22,5,418.49
1447,728,189,155,2025-04-22,1,422.79
1448,729,480,81,2024-05-03,4,426.46
1449,729,480,98,2024-05-03,2,30.99
1450,729,480,14,2024-05-03,3,61.58
1451,730,435,70,2023-07-19,1,289.10
1452,730,435,27,2023-07-19,1,153.36
1453,730,435,93,2023-07-19,5,386.32
1454,731,29,73,2023-09-03,2,349.04
1455,731,29,139,2023-09-03,1,248.39
1456,732,217,3,2024-09-03,3,397.24
1457,733,565,164,2023-07-26,1,325.65
1458,734,276,146,2023-03-29,5,39.84
1459,735,578,124,2025-03-20,1,475.48
1460,736,323,80,2023-04-06,1,67.77
1461,737,770,102,2023-10-17,5,239.91
1462,737,770,50,2023-10-17,3,430.77
1463,738,744,34,2023-12-31,1,5.41
1464,738,744,85,2023-12-31,4,303.88
1465,739,516,129,2023-04-14,2,130.39
1466,739,516,7,2023-04-14,5,194.98
1467,739,516,98,2023-04-14,4,30.99
1468,740,890,10,2025-05-22,3,285.76
1469,740,890,42,2025-05-22,2,279.92
1470,740,890,175,2025-05-22,4,252.33
1471,741,907,24,2024-10-02,2,229.21
1472,742,827,168,2024-11-28,2,317.15
1473,743,165,133,2024-05-28,5,132.37
1474,743,165,167,2024-05-28,5,349.45
1475,743,165,197,2024-05-28,3,164.18
1476,744,805,87,2023-05-15,3,404.87
1477,744,805,93,2023-05-15,5,386.32
1478,745,41,199,2024-12-30,4,171.06
1479,745,41,62,2024-12-30,2,75.32
1480,746,622,40,2023-03-18,5,274.82
1481,746,622,161,2023-03-18,4,185.84
1482,746,622,25,2023-03-18,1,198.03
1483,747,785,80,2025-06-10,5,67.77
1484,748,511,117,2023-04-07,3,338.03
1485,749,957,42,2023-10-30,1,279.92
1486,750,591,91,2024-01-08,1,483.83
1487,750,591,19,2024-01-08,2,344.32
1488,751,791,67,2024-04-16,4,308.44
1489,751,791,66,2024-04-16,4,343.61
1490,751,791,167,2024-04-16,2,349.45
1491,752,996,125,2024-08-05,1,355.49
1492,753,880,103,2023-10-21,4,267.56
1493,753,880,159,2023-10-21,2,170.04
1494,754,376,160,2024-06-08,3,203.29
1495,754,376,96,2024-06-08,1,31.88
1496,755,424,116,2024-06-02,3,160.06
1497,755,424,175,2024-06-02,1,252.33
1498,755,424,159,2024-06-02,1,170.04
1499,756,810,180,2023-09-08,5,404.51
1500,756,810,3,2023-09-08,2,397.24
1501,756,810,27,2023-09-08,3,153.36
1502,757,163,103,2024-08-06,1,267.56
1503,757,163,58,2024-08-06,4,21.55
1504,758,686,90,2023-04-06,4,174.70
1505,758,686,120,2023-04-06,5,178.99
1506,759,112,47,2023-03-29,1,362.05
1507,759,112,102,2023-03-29,4,239.91
1508,760,412,17,2023-12-03,3,157.47
1509,761,619,55,2024-05-12,4,291.07
1510,761,619,30,2024-05-12,3,495.18
1511,762,40,40,2024-07-12,4,274.82
1512,762,40,38,2024-07-12,2,314.47
1513,763,582,154,2023-02-02,4,241.67
1514,763,582,16,2023-02-02,3,411.89
1515,764,485,14,2023-08-07,2,61.58
1516,764,485,6,2023-08-07,4,276.22
1517,765,259,46,2024-10-12,1,325.94
1518,765,259,37,2024-10-12,1,218.69
1519,766,415,77,2023-03-25,4,329.87
1520,766,415,108,2023-03-25,5,478.30
1521,767,686,48,2023-09-23,1,330.66
1522,768,917,88,2024-03-14,3,392.34
1523,769,204,108,2023-12-24,4,478.30
1524,770,549,42,2024-12-06,4,279.92
1525,770,549,91,2024-12-06,5,483.83
1526,771,843,144,2023-01-11,5,456.73
1527,771,843,51,2023-01-11,1,313.50
1528,772,684,158,2024-08-15,2,64.99
1529,772,684,83,2024-08-15,3,141.22
1530,772,684,4,2024-08-15,2,203.39
1531,773,957,128,2023-06-01,3,448.51
1532,773,957,30,2023-06-01,4,495.18
1533,774,534,1,2025-01-09,4,205.80
1534,774,534,33,2025-01-09,4,35.88
1535,775,993,25,2024-08-15,1,198.03
1536,775,993,56,2024-08-15,2,357.49
1537,775,993,108,2024-08-15,5,478.30
1538,776,616,56,2024-01-22,3,357.49
1539,777,976,174,2023-07-15,5,397.40
1540,778,380,94,2025-04-13,1,332.02
1541,779,919,129,2023-11-11,1,130.39
1542,779,919,180,2023-11-11,4,404.51
1543,780,467,106,2024-02-28,3,481.06
1544,780,467,91,2024-02-28,5,483.83
1545,780,467,110,2024-02-28,5,170.80
1546,781,117,118,2023-06-30,4,10.91
1547,781,117,96,2023-06-30,2,31.88
1548,782,610,139,2023-06-16,4,248.39
1549,782,610,98,2023-06-16,3,30.99
1550,782,610,169,2023-06-16,4,245.81
1551,783,291,159,2024-12-19,1,170.04
1552,783,291,23,2024-12-19,1,379.74
1553,783,291,23,2024-12-19,1,379.74
1554,784,955,27,2024-02-26,4,153.36
1555,784,955,192,2024-02-26,5,409.80
1556,784,955,140,2024-02-26,1,307.09
1557,785,455,149,2024-05-30,1,328.16
1558,785,455,171,2024-05-30,3,22.66
1559,785,455,108,2024-05-30,2,478.30
1560,786,796,142,2024-04-10,4,76.21
1561,787,201,121,2025-05-26,1,129.68
1562,788,991,119,2025-03-23,4,265.00
1563,788,991,166,2025-03-23,4,332.05
1564,789,963,58,2024-01-19,5,21.55
1565,790,275,169,2025-06-19,3,245.81
1566,790,275,79,2025-06-19,4,146.96
1567,791,248,107,2023-01-05,1,53.19
1568,791,248,4,2023-01-05,1,203.39
1569,791,248,40,2023-01-05,3,274.82
1570,792,840,154,2025-01-29,3,241.67
1571,792,840,86,2025-01-29,2,331.27
1572,792,840,147,2025-01-29,4,389.72
1573,793,570,50,2024-02-05,5,430.77
1574,794,403,14,2025-04-28,5,61.58
1575,794,403,110,2025-04-28,2,170.80
1576,794,403,163,2025-04-28,4,381.41
1577,795,178,82,2024-02-17,5,129.76
1578,795,178,41,2024-02-17,4,240.05
1579,795,178,60,2024-02-17,1,61.01
1580,796,821,130,2023-05-10,1,331.93
1581,796,821,162,2023-05-10,5,44.82
1582,796,821,101,2023-05-10,3,192.99
1583,797,163,53,2023-11-27,1,195.42
1584,797,163,24,2023-11-27,1,229.21
1585,797,163,112,2023-11-27,1,328.89
1586,798,789,40,2024-08-30,1,274.82
1587,798,789,159,2024-08-30,5,170.04
1588,798,789,21,2024-08-30,5,49.80
1589,799,26,188,2025-01-30,2,12.10
1590,799,26,117,2025-01-30,3,338.03
1591,800,246,57,2024-10-30,3,208.35
1592,801,549,63,2025-05-10,4,235.13
1593,802,676,71,2023-02-22,1,213.39
1594,802,676,37,2023-02-22,1,218.69
1595,803,594,27,2025-06-06,1,153.36
1596,803,594,118,2025-06-06,5,10.91
1597,803,594,32,2025-06-06,1,424.57
1598,804,290,47,2023-09-26,1,362.05
1599,805,507,93,2025-05-14,2,386.32
1600,806,104,6,2024-05-17,4,276.22
1601,806,104,19,2024-05-17,4,344.32
1602,807,79,176,2023-08-04,4,483.44
1603,807,79,97,2023-08-04,3,378.95
1604,807,79,163,2023-08-04,4,381.41
1605,808,185,3,2023-11-02,2,397.24
1606,809,581,156,2024-10-08,1,272.35
1607,809,581,31,2024-10-08,3,307.68
1608,809,581,89,2024-10-08,4,245.02
1609,810,615,2,2024-07-13,2,166.30
1610,810,615,134,2024-07-13,3,142.25
1611,810,615,32,2024-07-13,2,424.57
1612,811,31,6,2024-07-02,5,276.22
1613,811,31,132,2024-07-02,2,385.82
1614,811,31,56,2024-07-02,3,357.49
1615,812,921,8,2023-08-11,3,108.07
1616,813,226,187,2023-03-27,2,125.12
1617,814,281,52,2024-05-08,1,257.15
1618,814,281,90,2024-05-08,5,174.70
1619,815,302,191,2024-04-23,4,418.49
1620,815,302,112,2024-04-23,5,328.89
1621,815,302,103,2024-04-23,2,267.56
1622,816,178,176,2023-07-22,3,483.44
1623,816,178,101,2023-07-22,1,192.99
1624,817,813,151,2025-02-23,3,136.88
1625,817,813,43,2025-02-23,2,420.77
1626,817,813,185,2025-02-23,4,328.64
1627,818,905,109,2024-04-01,5,307.18
1628,818,905,192,2024-04-01,3,409.80
1629,819,638,156,2023-04-21,4,272.35
1630,819,638,110,2023-04-21,2,170.80
1631,820,362,162,2024-01-18,1,44.82
1632,820,362,116,2024-01-18,2,160.06
1633,820,362,9,2024-01-18,5,393.23
1634,821,601,76,2024-02-24,5,291.17
1635,821,601,166,2024-02-24,5,332.05
1636,822,408,30,2023-01-31,2,495.18
1637,822,408,83,2023-01-31,4,141.22
1638,823,367,19,2023-09-09,2,344.32
1639,824,381,38,2024-01-16,3,314.47
1640,824,381,32,2024-01-16,1,424.57
1641,824,381,82,2024-01-16,1,129.76
1642,825,337,120,2023-08-07,5,178.99
1643,825,337,83,2023-08-07,2,141.22
1644,825,337,144,2023-08-07,1,456.73
1645,826,291,55,2024-09-08,5,291.07
1646,826,291,56,2024-09-08,1,357.49
1647,827,285,156,2025-01-03,1,272.35
1648,827,285,147,2025-01-03,4,389.72
1649,827,285,175,2025-01-03,4,252.33
1650,828,833,51,2023-11-24,2,313.50
1651,828,833,13,2023-11-24,4,370.98
1652,829,48,108,2023-10-09,1,478.30
1653,829,48,32,2023-10-09,4,424.57
1654,830,616,152,2023-12-01,4,452.78
1655,831,591,73,2023-01-22,1,349.04
1656,832,803,148,2025-05-26,1,448.76
1657,832,803,119,2025-05-26,3,265.00
1658,832,803,34,2025-05-26,4,5.41
1659,833,918,136,2024-06-30,1,497.99
1660,834,661,18,2023-01-17,4,39.45
1661,834,661,25,2023-01-17,4,198.03
1662,835,309,82,2023-10-09,3,129.76
1663,835,309,103,2023-10-09,1,267.56
1664,835,309,143,2023-10-09,3,113.09
1665,836,628,101,2023-02-18,3,192.99
1666,836,628,179,2023-02-18,4,205.72
1667,837,870,32,2024-10-18,3,424.57
1668,837,870,159,2024-10-18,1,170.04
1669,838,230,3,2023-02-18,2,397.24
1670,839,331,177,2025-06-01,4,23.33
1671,840,175,49,2023-04-01,3,46.90
1672,841,6,14,2024-12-05,3,61.58
1673,841,6,12,2024-12-05,1,90.67
1674,841,6,13,2024-12-05,3,370.98
1675,842,271,177,2023-12-04,5,23.33
1676,843,277,44,2024-12-16,2,147.78
1677,843,277,150,2024-12-16,4,466.77
1678,844,130,38,2023-11-23,5,314.47
1679,845,653,172,2024-04-02,1,361.26
1680,845,653,134,2024-04-02,5,142.25
1681,846,592,170,2024-05-04,4,368.98
1682,847,330,188,2025-03-02,4,12.10
1683,847,330,58,2025-03-02,1,21.55
1684,848,785,183,2023-10-31,1,462.77
1685,848,785,91,2023-10-31,5,483.83
1686,849,676,189,2024-10-24,2,452.80
1687,850,80,127,2023-03-18,1,191.09
1688,850,80,55,2023-03-18,1,291.07
1689,850,80,172,2023-03-18,2,361.26
1690,851,839,49,2024-01-30,4,46.90
1691,851,839,27,2024-01-30,3,153.36
1692,852,834,195,2024-08-27,5,215.96
1693,853,880,195,2023-11-17,3,215.96
1694,853,880,182,2023-11-17,4,371.81
1695,853,880,168,2023-11-17,2,317.15
1696,854,109,57,2023-05-14,3,208.35
1697,854,109,99,2023-05-14,4,202.37
1698,854,109,159,2023-05-14,5,170.04
1699,855,799,49,2024-02-14,1,46.90
1700,856,434,176,2023-06-18,3,483.44
1701,856,434,148,2023-06-18,1,448.76
1702,857,473,28,2025-06-16,1,459.65
1703,858,17,48,2024-04-16,3,330.66
1704,859,488,136,2024-11-08,4,497.99
1705,860,272,141,2023-05-02,1,324.50
1706,860,272,91,2023-05-02,4,483.83
1707,861,155,129,2024-02-11,4,130.39
1708,862,342,113,2023-02-24,3,233.24
1709,862,342,95,2023-02-24,1,109.36
1710,862,342,13,2023-02-24,4,370.98
1711,863,951,50,2024-03-08,3,430.77
1712,863,951,49,2024-03-08,4,46.90
1713,863,951,46,2024-03-08,5,325.94
1714,864,543,127,2024-09-14,5,191.09
1715,864,543,111,2024-09-14,1,402.14
1716,865,52,64,2024-10-23,1,264.05
1717,865,52,57,2024-10-23,1,208.35
1718,865,52,14,2024-10-23,1,61.58
1719,866,273,17,2023-09-02,5,157.47
1720,866,273,26,2023-09-02,3,101.84
1721,866,273,58,2023-09-02,5,21.55
1722,867,734,101,2024-02-19,4,192.99
1723,867,734,26,2024-02-19,2,101.84
1724,867,734,188,2024-02-19,3,12.10
1725,868,211,53,2023-06-25,3,195.42
1726,868,211,164,2023-06-25,3,325.65
1727,869,611,188,2023-10-22,1,12.10
1728,869,611,25,2023-10-22,2,198.03
1729,869,611,129,2023-10-22,5,130.39
1730,870,757,177,2023-11-09,2,23.33
1731,870,757,44,2023-11-09,3,147.78
1732,871,72,48,2023-06-20,3,330.66
1733,871,72,117,2023-06-20,2,338.03
1734,871,72,4,2023-06-20,4,203.39
1735,872,343,46,2023-01-22,3,325.94
1736,872,343,20,2023-01-22,2,167.06
1737,873,779,3,2025-05-23,5,397.24
1738,873,779,91,2025-05-23,4,483.83
1739,873,779,150,2025-05-23,1,466.77
1740,874,895,121,2023-09-11,1,129.68
1741,874,895,12,2023-09-11,1,90.67
1742,875,697,59,2023-10-25,5,286.22
1743,875,697,129,2023-10-25,2,130.39
1744,875,697,194,2023-10-25,2,36.23
1745,876,103,189,2023-11-08,3,452.80
1746,877,503,90,2025-01-22,5,174.70
1747,877,503,66,2025-01-22,4,343.61
1748,878,374,4,2024-04-14,3,203.39
1749,878,374,78,2024-04-14,3,405.39
1750,879,794,153,2024-11-10,4,260.10
1751,879,794,29,2024-11-10,3,360.30
1752,879,794,176,2024-11-10,5,483.44
1753,880,656,38,2023-01-22,4,314.47
1754,880,656,57,2023-01-22,2,208.35
1755,880,656,92,2023-01-22,4,419.61
1756,881,251,190,2024-08-14,4,230.80
1757,882,212,23,2025-02-01,2,379.74
1758,882,212,97,2025-02-01,1,378.95
1759,883,899,174,2024-10-03,5,397.40
1760,883,899,116,2024-10-03,5,160.06
1761,884,272,90,2024-11-26,3,174.70
1762,885,604,71,2024-03-03,3,213.39
1763,885,604,49,2024-03-03,1,46.90
1764,886,533,88,2024-12-19,5,392.34
1765,886,533,32,2024-12-19,4,424.57
1766,886,533,117,2024-12-19,5,338.03
1767,887,296,3,2023-04-23,4,397.24
1768,887,296,176,2023-04-23,2,483.44
1769,888,698,134,2023-06-03,3,142.25
1770,888,698,160,2023-06-03,5,203.29
1771,889,167,125,2023-11-07,3,355.49
1772,889,167,17,2023-11-07,3,157.47
1773,889,167,4,2023-11-07,4,203.39
1774,890,223,152,2023-10-17,1,452.78
1775,891,501,2,2023-11-10,4,166.30
1776,892,677,1,2025-05-04,1,205.80
1777,892,677,65,2025-05-04,2,126.38
1778,893,900,129,2023-10-18,5,130.39
1779,893,900,40,2023-10-18,1,274.82
1780,894,278,188,2023-05-27,2,12.10
1781,894,278,111,2023-05-27,5,402.14
1782,894,278,21,2023-05-27,3,49.80
1783,895,33,91,2024-04-29,2,483.83
1784,896,653,109,2024-01-31,4,307.18
1785,896,653,26,2024-01-31,3,101.84
1786,896,653,78,2024-01-31,5,405.39
1787,897,178,112,2024-07-31,3,328.89
1788,897,178,149,2024-07-31,2,328.16
1789,898,787,65,2023-07-24,2,126.38
1790,898,787,107,2023-07-24,5,53.19
1791,898,787,52,2023-07-24,3,257.15
1792,899,88,146,2023-11-01,4,39.84
1793,899,88,140,2023-11-01,2,307.09
1794,900,802,112,2025-06-15,1,328.89
1795,900,802,36,2025-06-15,5,433.50
1796,901,711,129,2023-11-17,3,130.39
1797,901,711,120,2023-11-17,3,178.99
1798,902,478,106,2024-03-06,4,481.06
1799,902,478,8,2024-03-06,5,108.07
1800,903,981,108,2025-02-24,1,478.30
1801,904,630,63,2023-11-06,5,235.13
1802,905,383,159,2023-05-11,5,170.04
1803,905,383,145,2023-05-11,3,56.12
1804,905,383,14,2023-05-11,4,61.58
1805,906,413,2,2024-11-17,4,166.30
1806,907,472,14,2025-05-09,1,61.58
1807,907,472,15,2025-05-09,3,166.05
1808,907,472,167,2025-05-09,1,349.45
1809,908,609,75,2023-04-10,5,35.39
1810,908,609,124,2023-04-10,3,475.48
1811,909,125,150,2025-01-28,5,466.77
1812,910,735,180,2023-02-24,2,404.51
1813,910,735,133,2023-02-24,2,132.37
1814,910,735,144,2023-02-24,4,456.73
1815,911,229,164,2024-11-22,2,325.65
1816,912,644,185,2023-11-15,1,328.64
1817,912,644,125,2023-11-15,5,355.49
1818,913,206,18,2023-04-28,1,39.45
1819,913,206,40,2023-04-28,5,274.82
1820,913,206,31,2023-04-28,5,307.68
1821,914,254,27,2023-07-29,4,153.36
1822,915,853,114,2024-06-01,4,368.48
1823,916,949,77,2023-05-05,4,329.87
1824,917,189,61,2025-04-19,5,481.05
1825,917,189,67,2025-04-19,5,308.44
1826,918,450,169,2025-05-29,5,245.81
1827,918,450,32,2025-05-29,4,424.57
1828,918,450,38,2025-05-29,1,314.47
1829,919,146,191,2025-04-18,2,418.49
1830,920,524,180,2025-01-29,5,404.51
1831,921,488,75,2024-05-06,3,35.39
1832,922,103,127,2024-08-25,3,191.09
1833,922,103,171,2024-08-25,3,22.66
1834,922,103,101,2024-08-25,4,192.99
1835,923,820,119,2023-04-20,4,265.00
1836,923,820,109,2023-04-20,2,307.18
1837,923,820,8,2023-04-20,3,108.07
1838,924,124,100,2024-07-31,1,240.74
1839,924,124,149,2024-07-31,3,328.16
1840,925,661,169,2024-10-28,5,245.81
1841,926,44,36,2023-12-30,4,433.50
1842,926,44,186,2023-12-30,4,454.04
1843,927,10,92,2023-06-12,5,419.61
1844,927,10,129,2023-06-12,2,130.39
1845,928,925,135,2024-12-24,4,194.48
1846,928,925,132,2024-12-24,1,385.82
1847,929,672,91,2023-06-05,5,483.83
1848,930,471,36,2025-01-02,3,433.50
1849,930,471,196,2025-01-02,3,165.49
1850,931,70,166,2025-05-09,4,332.05
1851,931,70,97,2025-05-09,4,378.95
1852,932,675,148,2023-07-04,5,448.76
1853,932,675,199,2023-07-04,5,171.06
1854,932,675,67,2023-07-04,2,308.44
1855,933,332,149,2024-08-25,3,328.16
1856,933,332,150,2024-08-25,5,466.77
1857,933,332,104,2024-08-25,1,10.86
1858,934,31,188,2025-05-22,2,12.10
1859,935,99,28,2024-11-12,4,459.65
1860,936,488,195,2023-11-28,2,215.96
1861,936,488,198,2023-11-28,2,383.28
1862,936,488,27,2023-11-28,2,153.36
1863,937,914,194,2024-01-29,4,36.23
1864,937,914,17,2024-01-29,1,157.47
1865,937,914,157,2024-01-29,3,195.28
1866,938,39,192,2025-05-17,1,409.80
1867,939,782,156,2024-01-19,1,272.35
1868,939,782,45,2024-01-19,3,71.46
1869,940,716,97,2024-04-05,2,378.95
1870,941,588,52,2024-07-23,2,257.15
1871,941,588,65,2024-07-23,4,126.38
1872,941,588,113,2024-07-23,3,233.24
1873,942,207,42,2025-01-29,4,279.92
1874,943,829,50,2025-03-19,1,430.77
1875,943,829,150,2025-03-19,1,466.77
1876,943,829,162,2025-03-19,1,44.82
1877,944,35,36,2025-04-09,1,433.50
1878,945,793,146,2024-02-22,5,39.84
1879,945,793,19,2024-02-22,3,344.32
1880,946,699,187,2025-01-17,5,125.12
1881,947,195,54,2025-05-02,5,96.96
1882,947,195,122,2025-05-02,5,16.72
1883,948,366,144,2024-09-25,2,456.73
1884,948,366,18,2024-09-25,4,39.45
1885,949,641,19,2024-01-21,5,344.32
1886,949,641,21,2024-01-21,2,49.80
1887,950,306,31,2023-04-14,4,307.68
1888,950,306,60,2023-04-14,1,61.01
1889,950,306,154,2023-04-14,5,241.67
1890,951,24,75,2023-08-18,3,35.39
1891,951,24,100,2023-08-18,3,240.74
1892,952,894,41,2025-06-11,3,240.05
1893,953,548,62,2024-08-12,5,75.32
1894,954,513,103,2023-11-16,5,267.56
1895,954,513,15,2023-11-16,5,166.05
1896,954,513,179,2023-11-16,1,205.72
1897,955,483,168,2023-09-27,1,317.15
1898,955,483,9,2023-09-27,3,393.23
1899,955,483,108,2023-09-27,3,478.30
1900,956,343,196,2025-06-28,1,165.49
1901,957,210,188,2024-07-14,3,12.10
1902,958,935,16,2025-06-18,2,411.89
1903,958,935,127,2025-06-18,1,191.09
1904,958,935,145,2025-06-18,5,56.12
1905,959,856,10,2025-02-22,3,285.76
1906,959,856,19,2025-02-22,4,344.32
1907,959,856,154,2025-02-22,5,241.67
1908,960,909,123,2024-07-18,2,33.15
1909,961,741,27,2023-02-12,1,153.36
1910,961,741,128,2023-02-12,5,448.51
1911,962,666,111,2023-12-25,4,402.14
1912,963,801,59,2025-05-20,1,286.22
1913,963,801,15,2025-05-20,1,166.05
1914,964,548,98,2024-09-14,1,30.99
1915,965,494,100,2023-02-23,4,240.74
1916,965,494,179,2023-02-23,2,205.72
1917,965,494,111,2023-02-23,4,402.14
1918,966,142,113,2023-04-29,1,233.24
1919,966,142,158,2023-04-29,3,64.99
1920,966,142,91,2023-04-29,2,483.83
1921,967,448,61,2023-03-01,2,481.05
1922,967,448,24,2023-03-01,5,229.21
1923,968,233,192,2024-02-27,5,409.80
1924,969,47,4,2025-04-01,2,203.39
1925,969,47,15,2025-04-01,1,166.05
1926,969,47,15,2025-04-01,2,166.05
1927,970,185,12,2023-10-17,3,90.67
1928,970,185,90,2023-10-17,5,174.70
1929,971,912,75,2023-09-08,2,35.39
1930,971,912,156,2023-09-08,4,272.35
1931,971,912,123,2023-09-08,1,33.15
1932,972,79,65,2023-03-20,5,126.38
1933,972,79,53,2023-03-20,4,195.42
1934,972,79,181,2023-03-20,3,470.33
1935,973,455,78,2024-12-31,3,405.39
1936,974,300,168,2025-06-08,2,317.15
1937,974,300,135,2025-06-08,3,194.48
1938,974,300,82,2025-06-08,5,129.76
1939,975,107,89,2023-02-25,4,245.02
1940,975,107,181,2023-02-25,5,470.33
1941,975,107,125,2023-02-25,3,355.49
1942,976,209,134,2023-05-21,2,142.25
1943,977,760,54,2024-07-20,1,96.96
1944,977,760,96,2024-07-20,2,31.88
1945,978,241,113,2024-12-16,4,233.24
1946,979,22,9,2024-05-25,3,393.23
1947,980,603,77,2024-01-29,1,329.87
1948,980,603,16,2024-01-29,3,411.89
1949,981,394,5,2024-05-22,4,123.08
1950,981,394,99,2024-05-22,4,202.37
1951,981,394,12,2024-05-22,2,90.67
1952,982,389,169,2023-07-08,4,245.81
1953,983,54,79,2024-11-07,1,146.96
1954,983,54,139,2024-11-07,3,248.39
1955,983,54,7,2024-11-07,5,194.98
1956,984,945,68,2025-04-28,5,269.83
1957,984,945,56,2025-04-28,1,357.49
1958,985,744,160,2025-04-29,4,203.29
1959,985,744,110,2025-04-29,1,170.80
1960,986,567,185,2024-02-02,3,328.64
1961,987,475,147,2024-03-10,5,389.72
1962,987,475,197,2024-03-10,5,164.18
1963,987,475,67,2024-03-10,2,308.44
1964,988,479,61,2025-02-02,2,481.05
1965,988,479,4,2025-02-02,3,203.39
1966,989,974,22,2023-10-08,2,444.18
1967,989,974,198,2023-10-08,5,383.28
1968,989,974,76,2023-10-08,3,291.17
1969,990,405,158,2023-02-09,3,64.99
1970,990,405,93,2023-02-09,3,386.32
1971,990,405,169,2023-02-09,3,245.81
1972,991,830,156,2025-03-01,1,272.35
1973,991,830,32,2025-03-01,3,424.57
1974,991,830,146,2025-03-01,3,39.84
1975,992,868,114,2023-07-03,4,368.48
1976,992,868,5,2023-07-03,4,123.08
1977,993,478,92,2023-02-07,4,419.61
1978,994,865,56,2024-07-23,4,357.49
1979,994,865,15,2024-07-23,5,166.05
1980,994,865,21,2024-07-23,3,49.80
1981,995,565,17,2023-11-18,4,157.47
1982,995,565,47,2023-11-18,3,362.05
1983,995,565,197,2023-11-18,3,164.18
1984,996,890,33,2024-05-21,2,35.88
1985,996,890,162,2024-05-21,2,44.82
1986,997,893,168,2024-09-24,1,317.15
1987,998,118,10,2024-11-01,2,285.76
1988,999,519,113,2025-05-31,5,233.24
1989,999,519,82,2025-05-31,1,129.76
1990,999,519,142,2025-05-31,2,76.21
1991,1000,975,67,2025-01-01,3,308.44
1992,1001,695,91,2025-05-15,5,483.83
1993,1002,46,61,2024-09-06,3,481.05
1994,1002,46,28,2024-09-06,1,459.65
1995,1002,46,130,2024-09-06,4,331.93
1996,1003,524,61,2023-03-21,2,481.05
1997,1004,585,175,2024-01-16,4,252.33
1998,1004,585,19,2024-01-16,4,344.32
1999,1005,147,84,2023-01-26,5,12.02
2000,1005,147,93,2023-01-26,3,386.32
2001,1006,919,96,2024-10-29,4,31.88
2002,1006,919,76,2024-10-29,5,291.17
2003,1007,165,12,2024-01-13,3,90.67
2004,1008,934,7,2024-08-28,1,194.98
2005,1009,217,81,2025-04-07,5,426.46
2006,1009,217,184,2025-04-07,5,369.04
2007,1009,217,149,2025-04-07,3,328.16
2008,1010,388,150,2025-04-30,1,466.77
2009,1011,744,98,2023-06-03,1,30.99
2010,1011,744,20,2023-06-03,2,167.06
2011,1011,744,145,2023-06-03,5,56.12
2012,1012,646,188,2024-07-15,4,12.10
2013,1012,646,138,2024-07-15,1,93.07
2014,1012,646,136,2024-07-15,1,497.99
2015,1013,484,135,2024-11-06,5,194.48
2016,1013,484,113,2024-11-06,3,233.24
2017,1013,484,69,2024-11-06,2,237.08
2018,1014,301,85,2023-09-07,2,303.88
2019,1014,301,197,2023-09-07,3,164.18
2020,1014,301,60,2023-09-07,4,61.01
2021,1015,767,178,2023-04-29,2,172.16
2022,1015,767,114,2023-04-29,4,368.48
2023,1016,82,144,2023-12-27,5,456.73
2024,1016,82,20,2023-12-27,3,167.06
2025,1017,496,59,2024-09-11,4,286.22
2026,1017,496,108,2024-09-11,2,478.30
2027,1017,496,146,2024-09-11,2,39.84
2028,1018,251,105,2025-03-06,5,194.08
2029,1018,251,171,2025-03-06,2,22.66
2030,1018,251,156,2025-03-06,3,272.35
2031,1019,350,31,2023-11-18,1,307.68
2032,1019,350,105,2023-11-18,4,194.08
2033,1020,152,127,2024-08-12,2,191.09
2034,1020,152,47,2024-08-12,4,362.05
2035,1020,152,4,2024-08-12,2,203.39
2036,1021,429,196,2023-09-27,5,165.49
2037,1022,953,191,2024-04-26,1,418.49
2038,1022,953,33,2024-04-26,1,35.88
2039,1022,953,111,2024-04-26,1,402.14
2040,1023,171,34,2023-03-16,5,5.41
2041,1023,171,136,2023-03-16,4,497.99
2042,1023,171,109,2023-03-16,3,307.18
2043,1024,412,143,2024-12-14,2,113.09
2044,1025,301,87,2023-05-02,3,404.87
2045,1025,301,152,2023-05-02,5,452.78
2046,1025,301,158,2023-05-02,1,64.99
2047,1026,47,190,2023-03-17,3,230.80
2048,1026,47,115,2023-03-17,4,262.37
2049,1026,47,162,2023-03-17,4,44.82
2050,1027,855,75,2024-03-22,4,35.39
2051,1027,855,180,2024-03-22,2,404.51
2052,1027,855,188,2024-03-22,2,12.10
2053,1028,785,131,2024-08-26,1,321.19
2054,1028,785,39,2024-08-26,1,205.98
2055,1028,785,152,2024-08-26,5,452.78
2056,1029,691,117,2024-10-26,4,338.03
2057,1029,691,83,2024-10-26,4,141.22
2058,1030,521,151,2025-01-09,3,136.88
2059,1031,238,127,2023-11-01,3,191.09
2060,1032,578,135,2024-06-14,5,194.48
2061,1033,865,74,2024-03-12,3,364.84
2062,1033,865,99,2024-03-12,3,202.37
2063,1033,865,194,2024-03-12,2,36.23
2064,1034,43,189,2025-04-13,2,452.80
2065,1035,532,148,2023-10-12,5,448.76
2066,1035,532,81,2023-10-12,1,426.46
2067,1036,292,31,2023-06-19,3,307.68
2068,1036,292,71,2023-06-19,4,213.39
2069,1037,230,44,2025-06-25,3,147.78
2070,1037,230,67,2025-06-25,5,308.44
2071,1038,947,171,2023-08-26,3,22.66
2072,1039,99,142,2023-07-31,5,76.21
2073,1040,29,11,2024-09-04,5,274.53
2074,1041,819,2,2023-07-19,4,166.30
2075,1041,819,7,2023-07-19,3,194.98
2076,1041,819,53,2023-07-19,3,195.42
2077,1042,437,114,2025-01-19,5,368.48
2078,1042,437,33,2025-01-19,4,35.88
2079,1042,437,76,2025-01-19,1,291.17
2080,1043,724,31,2025-05-15,4,307.68
2081,1043,724,111,2025-05-15,4,402.14
2082,1043,724,68,2025-05-15,1,269.83
2083,1044,286,172,2025-01-19,1,361.26
2084,1045,823,191,2023-03-22,2,418.49
2085,1045,823,187,2023-03-22,1,125.12
2086,1046,161,86,2024-06-03,3,331.27
2087,1046,161,117,2024-06-03,5,338.03
2088,1047,796,181,2023-03-17,3,470.33
2089,1047,796,10,2023-03-17,4,285.76
2090,1047,796,26,2023-03-17,5,101.84
2091,1048,195,143,2025-05-11,1,113.09
2092,1048,195,163,2025-05-11,1,381.41
2093,1049,141,97,2024-08-23,2,378.95
2094,1050,201,121,2023-09-29,2,129.68
2095,1050,201,125,2023-09-29,2,355.49
2096,1050,201,188,2023-09-29,4,12.10
2097,1051,135,163,2023-07-23,1,381.41
2098,1051,135,133,2023-07-23,2,132.37
2099,1052,445,126,2023-03-10,5,47.75
2100,1053,214,46,2024-12-28,1,325.94
2101,1053,214,108,2024-12-28,3,478.30
2102,1053,214,158,2024-12-28,4,64.99
2103,1054,598,164,2023-08-29,3,325.65
2104,1054,598,124,2023-08-29,5,475.48
2105,1054,598,169,2023-08-29,2,245.81
2106,1055,861,75,2023-08-26,4,35.39
2107,1055,861,126,2023-08-26,4,47.75
2108,1056,366,124,2024-07-10,3,475.48
2109,1056,366,25,2024-07-10,2,198.03
2110,1056,366,29,2024-07-10,3,360.30
2111,1057,993,84,2024-04-02,2,12.02
2112,1057,993,170,2024-04-02,4,368.98
2113,1058,181,82,2024-04-20,1,129.76
2114,1059,714,181,2024-02-12,2,470.33
2115,1059,714,199,2024-02-12,4,171.06
2116,1060,616,176,2024-02-26,2,483.44
2117,1060,616,8,2024-02-26,3,108.07
2118,1061,520,105,2023-08-09,1,194.08
2119,1061,520,144,2023-08-09,3,456.73
2120,1062,692,106,2023-11-22,4,481.06
2121,1062,692,114,2023-11-22,4,368.48
2122,1063,267,69,2023-02-25,4,237.08
2123,1063,267,187,2023-02-25,2,125.12
2124,1064,652,12,2025-04-18,3,90.67
2125,1064,652,115,2025-04-18,4,262.37
2126,1065,587,43,2025-06-15,5,420.77
2127,1066,799,29,2024-10-02,5,360.30
2128,1067,338,155,2023-05-13,5,422.79
2129,1067,338,6,2023-05-13,1,276.22
2130,1067,338,98,2023-05-13,1,30.99
2131,1068,342,197,2023-12-28,5,164.18
2132,1068,342,17,2023-12-28,1,157.47
2133,1068,342,133,2023-12-28,2,132.37
2134,1069,549,41,2023-07-23,5,240.05
2135,1069,549,102,2023-07-23,2,239.91
2136,1070,821,96,2023-06-15,3,31.88
2137,1070,821,106,2023-06-15,2,481.06
2138,1071,751,4,2023-09-12,1,203.39
2139,1071,751,6,2023-09-12,5,276.22
2140,1071,751,27,2023-09-12,5,153.36
2141,1072,811,11,2024-05-11,2,274.53
2142,1072,811,73,2024-05-11,3,349.04
2143,1073,236,198,2024-10-08,2,383.28
2144,1074,279,32,2025-02-06,4,424.57
2145,1075,411,190,2023-05-15,3,230.80
2146,1075,411,22,2023-05-15,1,444.18
2147,1075,411,19,2023-05-15,5,344.32
2148,1076,721,188,2025-02-19,4,12.10
2149,1076,721,6,2025-02-19,1,276.22
2150,1076,721,191,2025-02-19,5,418.49
2151,1077,942,25,2023-06-05,5,198.03
2152,1077,942,101,2023-06-05,2,192.99
2153,1077,942,156,2023-06-05,3,272.35
2154,1078,436,191,2024-06-08,1,418.49
2155,1078,436,78,2024-06-08,3,405.39
2156,1079,208,68,2023-04-13,5,269.83
2157,1079,208,121,2023-04-13,4,129.68
2158,1080,440,57,2023-04-06,4,208.35
2159,1080,440,144,2023-04-06,3,456.73
2160,1081,292,137,2024-12-20,5,478.01
2161,1081,292,63,2024-12-20,4,235.13
2162,1082,509,101,2025-01-15,3,192.99
2163,1083,732,116,2023-04-21,2,160.06
2164,1083,732,148,2023-04-21,1,448.76
2165,1083,732,102,2023-04-21,2,239.91
2166,1084,379,145,2024-05-03,1,56.12
2167,1084,379,165,2024-05-03,3,279.46
2168,1085,148,162,2025-04-09,1,44.82
2169,1085,148,25,2025-04-09,5,198.03
2170,1086,213,126,2025-06-04,5,47.75
2171,1087,86,104,2023-05-25,5,10.86
2172,1088,536,146,2025-01-10,2,39.84
2173,1088,536,16,2025-01-10,4,411.89
2174,1089,422,190,2023-11-15,3,230.80
2175,1089,422,39,2023-11-15,1,205.98
2176,1090,706,154,2024-08-01,4,241.67
2177,1090,706,2,2024-08-01,3,166.30
2178,1091,215,144,2025-02-12,4,456.73
2179,1091,215,140,2025-02-12,4,307.09
2180,1091,215,81,2025-02-12,2,426.46
2181,1092,473,124,2024-12-26,5,475.48
2182,1092,473,143,2024-12-26,1,113.09
2183,1093,436,20,2024-12-17,4,167.06
2184,1094,776,42,2023-01-14,5,279.92
2185,1095,125,51,2023-06-20,4,313.50
2186,1095,125,30,2023-06-20,1,495.18
2187,1095,125,109,2023-06-20,4,307.18
2188,1096,642,135,2025-04-02,4,194.48
2189,1097,767,141,2025-06-14,4,324.50
2190,1098,10,31,2023-10-31,4,307.68
2191,1098,10,76,2023-10-31,3,291.17
2192,1099,331,96,2024-09-21,5,31.88
2193,1099,331,167,2024-09-21,2,349.45
2194,1099,331,37,2024-09-21,3,218.69
2195,1100,702,158,2023-07-29,3,64.99
2196,1100,702,133,2023-07-29,5,132.37
2197,1100,702,65,2023-07-29,4,126.38
2198,1101,216,192,2023-12-05,2,409.80
2199,1101,216,43,2023-12-05,5,420.77
2200,1102,850,3,2024-04-30,3,397.24
2201,1102,850,107,2024-04-30,2,53.19
2202,1102,850,39,2024-04-30,4,205.98
2203,1103,6,180,2023-11-16,2,404.51
2204,1104,711,138,2023-04-07,4,93.07
2205,1105,97,160,2023-03-04,4,203.29
2206,1105,97,153,2023-03-04,2,260.10
2207,1106,359,144,2024-10-13,2,456.73
2208,1107,644,50,2023-01-15,3,430.77
2209,1107,644,73,2023-01-15,4,349.04
2210,1108,747,95,2023-11-10,5,109.36
2211,1108,747,197,2023-11-10,4,164.18
2212,1108,747,66,2023-11-10,5,343.61
2213,1109,657,52,2024-11-06,1,257.15
2214,1109,657,152,2024-11-06,2,452.78
2215,1109,657,27,2024-11-06,2,153.36
2216,1110,183,145,2023-09-27,1,56.12
2217,1110,183,33,2023-09-27,5,35.88
2218,1111,661,99,2025-02-23,3,202.37
2219,1111,661,148,2025-02-23,5,448.76
2220,1111,661,155,2025-02-23,3,422.79
2221,1112,893,172,2024-09-22,4,361.26
2222,1112,893,54,2024-09-22,2,96.96
2223,1112,893,1,2024-09-22,2,205.80
2224,1113,94,158,2025-04-02,2,64.99
2225,1114,169,1,2024-05-01,3,205.80
2226,1115,918,36,2023-02-23,5,433.50
2227,1116,436,121,2024-11-11,3,129.68
2228,1116,436,78,2024-11-11,5,405.39
2229,1117,247,101,2024-07-27,4,192.99
2230,1118,724,91,2024-04-30,3,483.83
2231,1118,724,134,2024-04-30,3,142.25
2232,1119,81,155,2025-06-23,2,422.79
2233,1119,81,43,2025-06-23,3,420.77
2234,1119,81,183,2025-06-23,2,462.77
2235,1120,574,126,2024-03-28,3,47.75
2236,1120,574,176,2024-03-28,1,483.44
2237,1121,922,167,2024-03-21,3,349.45
2238,1121,922,46,2024-03-21,1,325.94
2239,1121,922,94,2024-03-21,4,332.02
2240,1122,355,109,2025-01-15,2,307.18
2241,1122,355,158,2025-01-15,5,64.99
2242,1122,355,49,2025-01-15,4,46.90
2243,1123,184,3,2025-02-04,2,397.24
2244,1123,184,114,2025-02-04,3,368.48
2245,1124,200,151,2023-01-06,3,136.88
2246,1124,200,85,2023-01-06,1,303.88
2247,1124,200,95,2023-01-06,3,109.36
2248,1125,944,156,2023-01-14,3,272.35
2249,1125,944,9,2023-01-14,3,393.23
2250,1125,944,165,2023-01-14,4,279.46
2251,1126,45,181,2024-12-13,3,470.33
2252,1126,45,71,2024-12-13,1,213.39
2253,1127,844,184,2023-02-01,4,369.04
2254,1127,844,156,2023-02-01,4,272.35
2255,1127,844,126,2023-02-01,2,47.75
2256,1128,768,166,2025-06-14,5,332.05
2257,1128,768,27,2025-06-14,1,153.36
2258,1129,30,183,2024-09-19,2,462.77
2259,1129,30,181,2024-09-19,2,470.33
2260,1130,85,31,2024-03-05,1,307.68
2261,1131,653,16,2024-12-28,3,411.89
2262,1131,653,25,2024-12-28,5,198.03
2263,1132,874,168,2023-07-18,5,317.15
2264,1132,874,189,2023-07-18,1,452.80
2265,1133,858,82,2024-11-19,2,129.76
2266,1133,858,151,2024-11-19,3,136.88
2267,1134,15,104,2024-11-11,4,10.86
2268,1134,15,171,2024-11-11,1,22.66
2269,1134,15,17,2024-11-11,2,157.47
2270,1135,152,69,2025-01-16,1,237.08
2271,1135,152,45,2025-01-16,4,71.46
2272,1135,152,12,2025-01-16,3,90.67
2273,1136,204,130,2024-12-06,4,331.93
2274,1136,204,45,2024-12-06,1,71.46
2275,1136,204,80,2024-12-06,3,67.77
2276,1137,360,88,2023-05-01,4,392.34
2277,1137,360,146,2023-05-01,1,39.84
2278,1137,360,145,2023-05-01,4,56.12
2279,1138,120,47,2023-04-03,1,362.05
2280,1139,326,161,2024-08-28,1,185.84
2281,1140,808,56,2023-01-11,3,357.49
2282,1141,84,186,2025-06-17,2,454.04
2283,1141,84,79,2025-06-17,2,146.96
2284,1142,774,34,2025-01-25,3,5.41
2285,1142,774,14,2025-01-25,4,61.58
2286,1142,774,181,2025-01-25,3,470.33
2287,1143,286,145,2023-05-24,3,56.12
2288,1144,232,49,2025-05-05,3,46.90
2289,1144,232,52,2025-05-05,2,257.15
2290,1145,266,113,2024-12-15,3,233.24
2291,1145,266,24,2024-12-15,4,229.21
2292,1146,593,90,2024-01-08,5,174.70
2293,1146,593,116,2024-01-08,2,160.06
2294,1147,973,150,2025-05-04,4,466.77
2295,1148,551,54,2024-08-05,4,96.96
2296,1149,662,175,2025-04-10,3,252.33
2297,1149,662,54,2025-04-10,3,96.96
2298,1150,992,142,2024-05-30,3,76.21
2299,1150,992,24,2024-05-30,5,229.21
2300,1150,992,198,2024-05-30,2,383.28
2301,1151,224,67,2024-04-23,1,308.44
2302,1151,224,30,2024-04-23,5,495.18
2303,1152,647,122,2023-07-10,2,16.72
2304,1152,647,120,2023-07-10,5,178.99
2305,1152,647,83,2023-07-10,3,141.22
2306,1153,387,151,2024-11-05,1,136.88
2307,1153,387,83,2024-11-05,1,141.22
2308,1153,387,162,2024-11-05,3,44.82
2309,1154,163,122,2024-03-07,3,16.72
2310,1155,664,48,2023-04-13,3,330.66
2311,1155,664,79,2023-04-13,2,146.96
2312,1156,560,193,2023-07-10,1,61.51
2313,1156,560,113,2023-07-10,5,233.24
2314,1157,608,178,2024-08-12,4,172.16
2315,1157,608,188,2024-08-12,4,12.10
2316,1158,855,65,2023-09-07,3,126.38
2317,1158,855,154,2023-09-07,3,241.67
2318,1159,695,77,2024-02-15,1,329.87
2319,1159,695,60,2024-02-15,5,61.01
2320,1160,432,199,2024-03-12,3,171.06
2321,1161,411,8,2024-08-30,2,108.07
2322,1161,411,132,2024-08-30,2,385.82
2323,1161,411,77,2024-08-30,5,329.87
2324,1162,966,51,2024-06-20,5,313.50
2325,1162,966,193,2024-06-20,2,61.51
2326,1162,966,34,2024-06-20,3,5.41
2327,1163,994,80,2023-04-03,2,67.77
2328,1164,470,43,2024-02-10,4,420.77
2329,1164,470,1,2024-02-10,2,205.80
2330,1165,905,78,2023-06-26,3,405.39
2331,1166,190,53,2023-08-30,4,195.42
2332,1167,742,40,2023-09-08,5,274.82
2333,1168,6,41,2024-05-03,3,240.05
2334,1168,6,26,2024-05-03,4,101.84
2335,1169,704,179,2024-02-08,2,205.72
2336,1169,704,121,2024-02-08,4,129.68
2337,1169,704,119,2024-02-08,2,265.00
2338,1170,397,82,2023-05-12,2,129.76
2339,1171,792,73,2023-12-01,4,349.04
2340,1171,792,153,2023-12-01,4,260.10
2341,1172,74,126,2023-12-22,5,47.75
2342,1172,74,7,2023-12-22,2,194.98
2343,1172,74,156,2023-12-22,2,272.35
2344,1173,378,88,2024-01-06,5,392.34
2345,1174,626,193,2024-09-05,4,61.51
2346,1175,662,36,2023-08-24,4,433.50
2347,1176,46,78,2023-08-05,4,405.39
2348,1177,348,168,2024-01-29,2,317.15
2349,1178,155,80,2023-10-19,4,67.77
2350,1178,155,173,2023-10-19,4,247.16
2351,1179,268,46,2024-03-07,2,325.94
2352,1180,699,28,2024-06-13,4,459.65
2353,1180,699,22,2024-06-13,3,444.18
2354,1181,751,168,2023-04-14,4,317.15
2355,1181,751,4,2023-04-14,2,203.39
2356,1181,751,82,2023-04-14,2,129.76
2357,1182,520,176,2024-01-29,4,483.44
2358,1182,520,3,2024-01-29,4,397.24
2359,1182,520,168,2024-01-29,4,317.15
2360,1183,790,78,2023-02-25,4,405.39
2361,1183,790,67,2023-02-25,1,308.44
2362,1184,827,116,2025-04-01,5,160.06
2363,1184,827,96,2025-04-01,4,31.88
2364,1184,827,183,2025-04-01,3,462.77
2365,1185,996,29,2024-01-09,2,360.30
2366,1185,996,109,2024-01-09,5,307.18
2367,1185,996,195,2024-01-09,4,215.96
2368,1186,82,2,2023-06-03,3,166.30
2369,1186,82,182,2023-06-03,5,371.81
2370,1186,82,67,2023-06-03,2,308.44
2371,1187,833,187,2024-09-21,4,125.12
2372,1187,833,112,2024-09-21,1,328.89
2373,1187,833,119,2024-09-21,3,265.00
2374,1188,125,126,2025-06-07,4,47.75
2375,1189,52,154,2025-06-29,3,241.67
2376,1189,52,65,2025-06-29,4,126.38
2377,1190,692,197,2023-10-31,1,164.18
2378,1190,692,139,2023-10-31,3,248.39
2379,1191,301,107,2024-01-01,1,53.19
2380,1192,333,163,2023-11-01,1,381.41
2381,1192,333,153,2023-11-01,1,260.10
2382,1193,750,137,2023-02-07,4,478.01
2383,1193,750,64,2023-02-07,2,264.05
2384,1194,548,33,2023-04-07,2,35.88
2385,1195,506,71,2024-03-17,3,213.39
2386,1195,506,118,2024-03-17,5,10.91
2387,1195,506,63,2024-03-17,5,235.13
2388,1196,470,20,2023-02-11,3,167.06
2389,1196,470,96,2023-02-11,1,31.88
2390,1196,470,38,2023-02-11,5,314.47
2391,1197,654,26,2025-04-11,4,101.84
2392,1197,654,132,2025-04-11,1,385.82
2393,1197,654,87,2025-04-11,3,404.87
2394,1198,411,48,2023-01-23,3,330.66
2395,1198,411,185,2023-01-23,1,328.64
2396,1199,989,50,2023-04-30,5,430.77
2397,1199,989,67,2023-04-30,3,308.44
2398,1200,527,63,2024-07-06,1,235.13
2399,1200,527,96,2024-07-06,5,31.88
2400,1200,527,122,2024-07-06,2,16.72
2401,1201,282,177,2025-02-03,2,23.33
2402,1201,282,71,2025-02-03,5,213.39
2403,1202,47,103,2024-09-11,2,267.56
2404,1202,47,174,2024-09-11,3,397.40
2405,1202,47,70,2024-09-11,1,289.10
2406,1203,213,107,2023-01-20,2,53.19
2407,1203,213,71,2023-01-20,3,213.39
2408,1204,614,163,2025-03-20,3,381.41
2409,1204,614,25,2025-03-20,2,198.03
2410,1205,19,84,2024-12-27,2,12.02
2411,1206,627,187,2023-10-22,5,125.12
2412,1207,603,163,2024-03-06,5,381.41
2413,1207,603,85,2024-03-06,5,303.88
2414,1208,488,4,2024-07-25,3,203.39
2415,1208,488,88,2024-07-25,3,392.34
2416,1209,843,39,2024-03-31,4,205.98
2417,1209,843,191,2024-03-31,4,418.49
2418,1210,546,44,2024-12-15,4,147.78
2419,1211,413,170,2023-02-03,5,368.98
2420,1211,413,21,2023-02-03,4,49.80
2421,1212,354,54,2023-03-27,5,96.96
2422,1212,354,95,2023-03-27,3,109.36
2423,1212,354,75,2023-03-27,3,35.39
2424,1213,691,8,2024-04-23,2,108.07
2425,1213,691,160,2024-04-23,5,203.29
2426,1214,640,145,2023-12-27,4,56.12
2427,1215,784,193,2023-01-24,3,61.51
2428,1215,784,143,2023-01-24,4,113.09
2429,1216,385,34,2024-07-04,4,5.41
2430,1217,972,32,2025-05-20,1,424.57
2431,1217,972,102,2025-05-20,2,239.91
2432,1217,972,55,2025-05-20,1,291.07
2433,1218,297,41,2023-07-02,4,240.05
2434,1218,297,141,2023-07-02,4,324.50
2435,1218,297,91,2023-07-02,2,483.83
2436,1219,923,72,2024-09-05,3,148.15
2437,1219,923,198,2024-09-05,3,383.28
2438,1220,109,176,2024-11-11,3,483.44
2439,1220,109,129,2024-11-11,5,130.39
2440,1220,109,137,2024-11-11,4,478.01
2441,1221,880,127,2024-02-18,4,191.09
2442,1222,846,41,2024-04-05,2,240.05
2443,1222,846,103,2024-04-05,3,267.56
2444,1223,546,86,2025-04-29,4,331.27
2445,1224,177,26,2024-11-30,4,101.84
2446,1224,177,149,2024-11-30,4,328.16
2447,1224,177,108,2024-11-30,4,478.30
2448,1225,652,159,2023-01-30,2,170.04
2449,1226,625,129,2024-09-26,1,130.39
2450,1227,585,105,2025-01-19,1,194.08
2451,1227,585,84,2025-01-19,5,12.02
2452,1227,585,64,2025-01-19,2,264.05
2453,1228,641,176,2024-04-28,1,483.44
2454,1228,641,95,2024-04-28,1,109.36
2455,1228,641,191,2024-04-28,5,418.49
2456,1229,399,131,2024-07-19,2,321.19
2457,1229,399,42,2024-07-19,4,279.92
2458,1229,399,95,2024-07-19,2,109.36
2459,1230,484,52,2024-12-30,3,257.15
2460,1231,301,8,2023-03-08,2,108.07
2461,1232,473,63,2024-04-15,5,235.13
2462,1232,473,114,2024-04-15,2,368.48
2463,1232,473,46,2024-04-15,4,325.94
2464,1233,657,155,2023-04-24,3,422.79
2465,1233,657,41,2023-04-24,2,240.05
2466,1233,657,119,2023-04-24,1,265.00
2467,1234,767,175,2023-02-03,4,252.33
2468,1235,482,99,2025-06-01,1,202.37
2469,1235,482,107,2025-06-01,3,53.19
2470,1235,482,184,2025-06-01,5,369.04
2471,1236,733,156,2025-03-06,5,272.35
2472,1237,25,124,2024-03-25,1,475.48
2473,1237,25,75,2024-03-25,4,35.39
2474,1237,25,186,2024-03-25,1,454.04
2475,1238,410,131,2025-01-03,4,321.19
2476,1238,410,110,2025-01-03,1,170.80
2477,1239,150,68,2025-05-17,5,269.83
2478,1240,740,94,2023-06-23,4,332.02
2479,1241,348,63,2023-05-26,4,235.13
2480,1241,348,54,2023-05-26,3,96.96
2481,1241,348,25,2023-05-26,3,198.03
2482,1242,711,118,2023-03-17,4,10.91
2483,1242,711,193,2023-03-17,2,61.51
2484,1242,711,194,2023-03-17,3,36.23
2485,1243,303,114,2024-12-06,3,368.48
2486,1243,303,116,2024-12-06,3,160.06
2487,1244,282,10,2024-08-31,2,285.76
2488,1244,282,38,2024-08-31,5,314.47
2489,1244,282,74,2024-08-31,1,364.84
2490,1245,902,145,2024-01-15,3,56.12
2491,1246,299,184,2023-11-11,2,369.04
2492,1246,299,146,2023-11-11,3,39.84
2493,1246,299,122,2023-11-11,4,16.72
2494,1247,302,191,2023-06-08,2,418.49
2495,1247,302,38,2023-06-08,5,314.47
2496,1247,302,75,2023-06-08,4,35.39
2497,1248,653,8,2023-08-22,2,108.07
2498,1248,653,150,2023-08-22,3,466.77
2499,1249,599,67,2023-01-13,3,308.44
2500,1250,521,133,2025-02-02,4,132.37
2501,1250,521,123,2025-02-02,5,33.15
2502,1250,521,44,2025-02-02,3,147.78
2503,1251,160,129,2024-08-24,3,130.39
2504,1251,160,134,2024-08-24,3,142.25
2505,1251,160,97,2024-08-24,4,378.95
2506,1252,174,135,2025-06-10,4,194.48
2507,1252,174,45,2025-06-10,4,71.46
2508,1252,174,98,2025-06-10,1,30.99
2509,1253,970,88,2023-03-08,2,392.34
2510,1253,970,80,2023-03-08,2,67.77
2511,1253,970,58,2023-03-08,2,21.55
2512,1254,624,187,2025-03-07,1,125.12
2513,1254,624,167,2025-03-07,2,349.45
2514,1255,511,146,2024-04-15,1,39.84
2515,1255,511,192,2024-04-15,5,409.80
2516,1256,760,94,2023-07-27,1,332.02
2517,1257,642,85,2023-04-12,5,303.88
2518,1257,642,18,2023-04-12,3,39.45
2519,1258,985,190,2024-07-01,5,230.80
2520,1258,985,21,2024-07-01,1,49.80
2521,1258,985,115,2024-07-01,5,262.37
2522,1259,254,66,2023-09-08,2,343.61
2523,1259,254,177,2023-09-08,2,23.33
2524,1259,254,59,2023-09-08,4,286.22
2525,1260,42,69,2024-09-15,5,237.08
2526,1261,94,49,2025-01-30,1,46.90
2527,1261,94,34,2025-01-30,5,5.41
2528,1262,63,59,2023-08-01,2,286.22
2529,1262,63,150,2023-08-01,5,466.77
2530,1263,476,138,2023-04-11,1,93.07
2531,1263,476,82,2023-04-11,1,129.76
2532,1264,490,114,2023-04-30,1,368.48
2533,1265,203,139,2023-04-13,5,248.39
2534,1265,203,56,2023-04-13,5,357.49
2535,1266,308,3,2024-08-05,5,397.24
2536,1266,308,111,2024-08-05,1,402.14
2537,1267,908,200,2024-03-29,2,140.57
2538,1267,908,151,2024-03-29,5,136.88
2539,1267,908,194,2024-03-29,4,36.23
2540,1268,258,105,2025-02-11,5,194.08
2541,1269,505,46,2024-10-08,3,325.94
2542,1269,505,130,2024-10-08,4,331.93
2543,1270,291,77,2024-10-22,3,329.87
2544,1270,291,137,2024-10-22,2,478.01
2545,1270,291,88,2024-10-22,3,392.34
2546,1271,575,80,2024-05-30,4,67.77
2547,1271,575,29,2024-05-30,2,360.30
2548,1271,575,125,2024-05-30,1,355.49
2549,1272,915,121,2024-06-05,4,129.68
2550,1272,915,42,2024-06-05,2,279.92
2551,1273,779,173,2024-03-18,3,247.16
2552,1274,948,114,2025-06-01,3,368.48
2553,1275,704,47,2024-07-05,2,362.05
2554,1275,704,200,2024-07-05,1,140.57
2555,1275,704,196,2024-07-05,2,165.49
2556,1276,315,79,2024-05-28,3,146.96
2557,1277,484,176,2023-04-16,3,483.44
2558,1277,484,157,2023-04-16,2,195.28
2559,1277,484,147,2023-04-16,2,389.72
2560,1278,161,197,2023-07-16,4,164.18
2561,1278,161,44,2023-07-16,2,147.78
2562,1279,679,84,2023-06-10,5,12.02
2563,1279,679,122,2023-06-10,5,16.72
2564,1279,679,107,2023-06-10,3,53.19
2565,1280,956,121,2023-09-27,3,129.68
2566,1281,149,86,2023-11-10,3,331.27
2567,1281,149,191,2023-11-10,3,418.49
2568,1282,316,145,2024-03-11,4,56.12
2569,1282,316,196,2024-03-11,4,165.49
2570,1283,781,15,2024-02-18,4,166.05
2571,1284,662,36,2025-04-04,4,433.50
2572,1284,662,197,2025-04-04,3,164.18
2573,1285,839,52,2024-12-22,2,257.15
2574,1286,734,76,2023-09-20,3,291.17
2575,1286,734,7,2023-09-20,3,194.98
2576,1286,734,110,2023-09-20,4,170.80
2577,1287,572,190,2024-07-27,2,230.80
2578,1287,572,56,2024-07-27,5,357.49
2579,1288,451,71,2025-05-26,1,213.39
2580,1288,451,20,2025-05-26,2,167.06
2581,1288,451,42,2025-05-26,3,279.92
2582,1289,492,152,2025-01-08,4,452.78
2583,1289,492,12,2025-01-08,4,90.67
2584,1289,492,177,2025-01-08,4,23.33
2585,1290,287,151,2024-09-13,4,136.88
2586,1291,104,164,2023-02-27,3,325.65
2587,1292,551,113,2024-01-14,3,233.24
2588,1292,551,29,2024-01-14,4,360.30
2589,1293,902,19,2025-02-06,3,344.32
2590,1294,424,39,2025-04-24,2,205.98
2591,1294,424,151,2025-04-24,3,136.88
2592,1294,424,147,2025-04-24,2,389.72
2593,1295,91,63,2024-03-24,3,235.13
2594,1295,91,147,2024-03-24,5,389.72
2595,1295,91,196,2024-03-24,3,165.49
2596,1296,544,75,2025-04-16,1,35.39
2597,1296,544,36,2025-04-16,1,433.50
2598,1296,544,180,2025-04-16,3,404.51
2599,1297,927,115,2025-03-02,2,262.37
2600,1297,927,48,2025-03-02,3,330.66
2601,1298,234,93,2024-04-16,3,386.32
2602,1298,234,51,2024-04-16,3,313.50
2603,1299,619,6,2025-02-04,2,276.22
2604,1299,619,31,2025-02-04,4,307.68
2605,1300,406,125,2025-04-05,1,355.49
2606,1300,406,136,2025-04-05,1,497.99
2607,1301,383,145,2023-01-17,4,56.12
2608,1301,383,9,2023-01-17,5,393.23
2609,1301,383,84,2023-01-17,5,12.02
2610,1302,290,86,2024-08-11,1,331.27
2611,1302,290,189,2024-08-11,1,452.80
2612,1303,95,200,2024-07-25,1,140.57
2613,1303,95,137,2024-07-25,2,478.01
2614,1303,95,132,2024-07-25,1,385.82
2615,1304,945,157,2024-04-24,2,195.28
2616,1304,945,193,2024-04-24,1,61.51
2617,1304,945,197,2024-04-24,4,164.18
2618,1305,477,190,2024-04-07,2,230.80
2619,1305,477,167,2024-04-07,3,349.45
2620,1306,187,148,2024-10-25,3,448.76
2621,1307,541,178,2025-03-10,4,172.16
2622,1307,541,6,2025-03-10,4,276.22
2623,1308,301,160,2023-01-07,4,203.29
2624,1308,301,5,2023-01-07,1,123.08
2625,1308,301,58,2023-01-07,3,21.55
2626,1309,155,58,2023-09-23,5,21.55
2627,1309,155,173,2023-09-23,3,247.16
2628,1310,469,171,2024-10-31,2,22.66
2629,1310,469,198,2024-10-31,5,383.28
2630,1310,469,91,2024-10-31,5,483.83
2631,1311,194,38,2025-03-02,2,314.47
2632,1312,186,7,2023-04-14,5,194.98
2633,1312,186,155,2023-04-14,1,422.79
2634,1313,554,18,2023-12-23,3,39.45
2635,1314,951,169,2023-08-24,2,245.81
2636,1314,951,52,2023-08-24,3,257.15
2637,1315,435,60,2023-10-05,2,61.01
2638,1316,28,113,2023-05-21,1,233.24
2639,1316,28,97,2023-05-21,1,378.95
2640,1317,889,190,2025-01-31,2,230.80
2641,1317,889,98,2025-01-31,1,30.99
2642,1318,450,51,2024-02-13,2,313.50
2643,1318,450,198,2024-02-13,4,383.28
2644,1319,835,24,2023-05-08,2,229.21
2645,1319,835,130,2023-05-08,5,331.93
2646,1319,835,186,2023-05-08,5,454.04
2647,1320,167,54,2025-02-13,1,96.96
2648,1321,759,92,2024-09-11,3,419.61
2649,1321,759,107,2024-09-11,2,53.19
2650,1322,93,130,2025-03-29,3,331.93
2651,1323,262,29,2024-06-04,4,360.30
2652,1323,262,5,2024-06-04,1,123.08
2653,1324,823,103,2024-03-06,1,267.56
2654,1324,823,91,2024-03-06,3,483.83
2655,1325,857,112,2023-03-08,3,328.89
2656,1325,857,59,2023-03-08,1,286.22
2657,1326,660,100,2025-04-09,4,240.74
2658,1326,660,5,2025-04-09,3,123.08
2659,1326,660,187,2025-04-09,3,125.12
2660,1327,145,64,2025-05-17,2,264.05
2661,1328,10,133,2023-05-12,2,132.37
2662,1328,10,36,2023-05-12,4,433.50
2663,1328,10,196,2023-05-12,1,165.49
2664,1329,611,54,2025-04-01,3,96.96
2665,1330,633,41,2024-02-29,4,240.05
2666,1330,633,45,2024-02-29,2,71.46
2667,1331,989,190,2023-06-05,2,230.80
2668,1331,989,94,2023-06-05,1,332.02
2669,1331,989,42,2023-06-05,1,279.92
2670,1332,209,104,2023-11-10,3,10.86
2671,1332,209,68,2023-11-10,5,269.83
2672,1333,30,7,2025-03-13,3,194.98
2673,1333,30,8,2025-03-13,4,108.07
2674,1334,753,37,2025-06-11,4,218.69
2675,1335,553,196,2024-01-22,5,165.49
2676,1336,538,41,2023-06-23,1,240.05
2677,1336,538,4,2023-06-23,3,203.39
2678,1336,538,58,2023-06-23,1,21.55
2679,1337,68,122,2023-04-26,4,16.72
2680,1337,68,107,2023-04-26,5,53.19
2681,1338,138,155,2025-05-27,1,422.79
2682,1338,138,80,2025-05-27,4,67.77
2683,1339,922,33,2023-09-21,3,35.88
2684,1339,922,169,2023-09-21,5,245.81
2685,1340,980,172,2024-09-20,1,361.26
2686,1340,980,123,2024-09-20,4,33.15
2687,1341,852,147,2025-05-22,2,389.72
2688,1341,852,33,2025-05-22,2,35.88
2689,1341,852,132,2025-05-22,2,385.82
2690,1342,231,22,2024-11-06,1,444.18
2691,1343,414,158,2023-10-17,1,64.99
2692,1343,414,64,2023-10-17,2,264.05
2693,1343,414,65,2023-10-17,2,126.38
2694,1344,676,85,2023-11-05,4,303.88
2695,1344,676,172,2023-11-05,5,361.26
2696,1344,676,134,2023-11-05,5,142.25
2697,1345,905,195,2023-10-01,2,215.96
2698,1345,905,84,2023-10-01,4,12.02
2699,1345,905,96,2023-10-01,2,31.88
2700,1346,755,9,2025-05-21,4,393.23
2701,1346,755,162,2025-05-21,1,44.82
2702,1346,755,51,2025-05-21,2,313.50
2703,1347,147,9,2024-10-11,2,393.23
2704,1348,407,3,2023-11-27,5,397.24
2705,1349,496,89,2025-05-28,2,245.02
2706,1349,496,161,2025-05-28,5,185.84
2707,1350,463,117,2023-08-08,5,338.03
2708,1350,463,68,2023-08-08,5,269.83
2709,1351,121,72,2025-02-01,5,148.15
2710,1351,121,87,2025-02-01,3,404.87
2711,1352,262,125,2023-12-16,5,355.49
2712,1353,680,172,2023-04-09,3,361.26
2713,1353,680,196,2023-04-09,5,165.49
2714,1354,65,94,2025-03-11,4,332.02
2715,1354,65,165,2025-03-11,1,279.46
2716,1355,130,59,2023-04-07,4,286.22
2717,1355,130,29,2023-04-07,1,360.30
2718,1355,130,141,2023-04-07,3,324.50
2719,1356,895,79,2023-12-22,4,146.96
2720,1357,567,130,2023-03-26,2,331.93
2721,1357,567,102,2023-03-26,5,239.91
2722,1358,146,175,2025-05-10,2,252.33
2723,1359,204,191,2025-01-21,3,418.49
2724,1360,616,39,2025-03-09,5,205.98
2725,1360,616,136,2025-03-09,5,497.99
2726,1360,616,13,2025-03-09,5,370.98
2727,1361,553,178,2023-08-24,5,172.16
2728,1361,553,43,2023-08-24,3,420.77
2729,1362,103,43,2024-11-27,5,420.77
2730,1363,864,184,2025-02-08,2,369.04
2731,1364,965,109,2024-09-16,2,307.18
2732,1364,965,72,2024-09-16,1,148.15
2733,1364,965,103,2024-09-16,3,267.56
2734,1365,923,108,2024-06-18,4,478.30
2735,1365,923,120,2024-06-18,3,178.99
2736,1366,739,1,2023-11-04,1,205.80
2737,1367,726,172,2024-07-23,3,361.26
2738,1367,726,54,2024-07-23,5,96.96
2739,1368,983,16,2023-03-10,4,411.89
2740,1368,983,36,2023-03-10,2,433.50
2741,1368,983,124,2023-03-10,2,475.48
2742,1369,401,41,2025-03-16,4,240.05
2743,1370,606,64,2023-07-18,3,264.05
2744,1370,606,19,2023-07-18,2,344.32
2745,1371,144,32,2024-02-16,5,424.57
2746,1371,144,173,2024-02-16,2,247.16
2747,1372,455,173,2023-05-26,3,247.16
2748,1373,12,31,2024-10-14,5,307.68
2749,1373,12,80,2024-10-14,5,67.77
2750,1374,791,154,2024-10-05,4,241.67
2751,1375,677,77,2024-03-24,1,329.87
2752,1376,761,117,2024-09-16,2,338.03
2753,1376,761,19,2024-09-16,3,344.32
2754,1376,761,70,2024-09-16,1,289.10
2755,1377,859,29,2023-09-19,4,360.30
2756,1377,859,110,2023-09-19,5,170.80
2757,1378,898,178,2024-12-27,4,172.16
2758,1379,231,27,2024-06-19,1,153.36
2759,1379,231,188,2024-06-19,5,12.10
2760,1380,886,62,2024-01-07,4,75.32
2761,1380,886,180,2024-01-07,4,404.51
2762,1380,886,108,2024-01-07,1,478.30
2763,1381,108,198,2025-06-04,3,383.28
2764,1381,108,186,2025-06-04,3,454.04
2765,1381,108,65,2025-06-04,5,126.38
2766,1382,430,65,2024-11-13,3,126.38
2767,1382,430,22,2024-11-13,1,444.18
2768,1383,731,125,2025-04-05,2,355.49
2769,1384,507,152,2023-08-15,4,452.78
2770,1384,507,171,2023-08-15,3,22.66
2771,1384,507,27,2023-08-15,4,153.36
2772,1385,622,145,2025-05-07,4,56.12
2773,1385,622,156,2025-05-07,5,272.35
2774,1385,622,171,2025-05-07,4,22.66
2775,1386,617,152,2023-04-21,1,452.78
2776,1387,98,196,2023-05-01,2,165.49
2777,1387,98,93,2023-05-01,5,386.32
2778,1387,98,173,2023-05-01,5,247.16
2779,1388,835,184,2024-02-08,1,369.04
2780,1388,835,89,2024-02-08,4,245.02
2781,1389,588,134,2025-06-03,1,142.25
2782,1389,588,103,2025-06-03,4,267.56
2783,1390,930,56,2023-01-27,5,357.49
2784,1390,930,47,2023-01-27,1,362.05
2785,1390,930,162,2023-01-27,3,44.82
2786,1391,300,8,2024-02-27,4,108.07
2787,1392,368,175,2025-04-18,3,252.33
2788,1392,368,91,2025-04-18,2,483.83
2789,1393,457,13,2025-03-13,3,370.98
2790,1393,457,118,2025-03-13,3,10.91
2791,1394,215,198,2024-07-25,5,383.28
2792,1395,330,103,2025-01-28,3,267.56
2793,1395,330,200,2025-01-28,2,140.57
2794,1395,330,128,2025-01-28,1,448.51
2795,1396,361,138,2024-09-23,2,93.07
2796,1396,361,82,2024-09-23,3,129.76
2797,1397,937,24,2025-01-09,4,229.21
2798,1398,637,164,2024-05-24,2,325.65
2799,1398,637,194,2024-05-24,4,36.23
2800,1399,272,182,2025-05-26,4,371.81
2801,1400,346,113,2025-04-05,3,233.24
2802,1400,346,194,2025-04-05,2,36.23
2803,1401,331,29,2023-01-17,2,360.30
2804,1402,318,180,2024-06-02,5,404.51
2805,1402,318,76,2024-06-02,5,291.17
2806,1402,318,138,2024-06-02,2,93.07
2807,1403,634,20,2024-12-13,2,167.06
2808,1403,634,24,2024-12-13,1,229.21
2809,1404,613,170,2025-06-16,4,368.98
2810,1404,613,68,2025-06-16,2,269.83
2811,1404,613,184,2025-06-16,3,369.04
2812,1405,363,35,2024-02-11,4,59.29
2813,1405,363,27,2024-02-11,3,153.36
2814,1405,363,158,2024-02-11,5,64.99
2815,1406,332,114,2023-08-19,1,368.48
2816,1407,562,171,2023-06-08,3,22.66
2817,1408,507,178,2023-08-18,2,172.16
2818,1409,897,113,2023-08-20,2,233.24
2819,1410,13,63,2023-10-31,1,235.13
2820,1411,495,113,2025-05-08,4,233.24
2821,1411,495,143,2025-05-08,5,113.09
2822,1411,495,146,2025-05-08,2,39.84
2823,1412,191,133,2025-05-18,5,132.37
2824,1412,191,103,2025-05-18,5,267.56
2825,1413,765,181,2023-09-25,3,470.33
2826,1413,765,68,2023-09-25,4,269.83
2827,1414,374,82,2023-08-29,5,129.76
2828,1414,374,92,2023-08-29,1,419.61
2829,1415,138,180,2023-11-26,2,404.51
2830,1415,138,138,2023-11-26,5,93.07
2831,1415,138,33,2023-11-26,1,35.88
2832,1416,726,138,2024-05-02,3,93.07
2833,1416,726,27,2024-05-02,5,153.36
2834,1416,726,59,2024-05-02,3,286.22
2835,1417,719,142,2024-10-22,2,76.21
2836,1417,719,120,2024-10-22,3,178.99
2837,1417,719,148,2024-10-22,1,448.76
2838,1418,634,128,2024-03-24,5,448.51
2839,1418,634,112,2024-03-24,1,328.89
2840,1419,23,115,2024-07-27,5,262.37
2841,1420,59,123,2023-12-22,2,33.15
2842,1420,59,17,2023-12-22,3,157.47
2843,1420,59,17,2023-12-22,3,157.47
2844,1421,259,8,2025-01-15,5,108.07
2845,1421,259,126,2025-01-15,4,47.75
2846,1421,259,181,2025-01-15,2,470.33
2847,1422,221,116,2024-11-08,3,160.06
2848,1422,221,138,2024-11-08,3,93.07
2849,1423,239,131,2024-08-06,4,321.19
2850,1423,239,37,2024-08-06,5,218.69
2851,1424,601,2,2023-11-19,5,166.30
2852,1424,601,14,2023-11-19,3,61.58
2853,1424,601,151,2023-11-19,1,136.88
2854,1425,629,136,2023-03-07,4,497.99
2855,1426,166,50,2025-01-20,2,430.77
2856,1426,166,154,2025-01-20,2,241.67
2857,1426,166,47,2025-01-20,1,362.05
2858,1427,952,187,2024-05-21,1,125.12
2859,1427,952,85,2024-05-21,1,303.88
2860,1427,952,25,2024-05-21,4,198.03
2861,1428,718,100,2024-12-02,4,240.74
2862,1428,718,98,2024-12-02,4,30.99
2863,1428,718,36,2024-12-02,3,433.50
2864,1429,99,91,2023-11-15,2,483.83
2865,1430,441,65,2025-06-19,4,126.38
2866,1430,441,24,2025-06-19,2,229.21
2867,1430,441,67,2025-06-19,4,308.44
2868,1431,233,166,2023-12-26,1,332.05
2869,1432,463,25,2025-02-08,5,198.03
2870,1432,463,66,2025-02-08,1,343.61
2871,1433,63,16,2024-07-24,3,411.89
2872,1433,63,25,2024-07-24,2,198.03
2873,1433,63,1,2024-07-24,5,205.80
2874,1434,5,99,2023-12-01,3,202.37
2875,1435,820,145,2024-08-04,3,56.12
2876,1436,979,49,2023-06-26,5,46.90
2877,1437,187,56,2024-07-02,3,357.49
2878,1437,187,25,2024-07-02,2,198.03
2879,1438,384,46,2024-08-10,4,325.94
2880,1438,384,181,2024-08-10,2,470.33
2881,1438,384,130,2024-08-10,2,331.93
2882,1439,32,10,2024-09-29,5,285.76
2883,1439,32,31,2024-09-29,3,307.68
2884,1440,111,175,2023-12-24,2,252.33
2885,1440,111,152,2023-12-24,5,452.78
2886,1441,922,128,2023-04-13,2,448.51
2887,1442,159,87,2024-09-19,4,404.87
2888,1442,159,169,2024-09-19,5,245.81
2889,1442,159,100,2024-09-19,4,240.74
2890,1443,685,17,2024-07-21,3,157.47
2891,1444,375,62,2023-05-25,4,75.32
2892,1445,814,11,2024-02-18,3,274.53
2893,1446,939,169,2024-05-06,5,245.81
2894,1447,869,24,2024-06-16,3,229.21
2895,1448,577,180,2024-08-11,5,404.51
2896,1448,577,134,2024-08-11,4,142.25
2897,1448,577,194,2024-08-11,5,36.23
2898,1449,206,83,2023-10-17,2,141.22
2899,1449,206,115,2023-10-17,2,262.37
2900,1449,206,75,2023-10-17,4,35.39
2901,1450,446,22,2024-01-22,4,444.18
2902,1450,446,7,2024-01-22,4,194.98
2903,1451,330,124,2024-07-28,5,475.48
2904,1452,314,198,2024-05-24,3,383.28
2905,1452,314,198,2024-05-24,1,383.28
2906,1453,852,49,2023-02-12,1,46.90
2907,1453,852,79,2023-02-12,5,146.96
2908,1453,852,192,2023-02-12,5,409.80
2909,1454,178,81,2024-10-18,1,426.46
2910,1454,178,137,2024-10-18,1,478.01
2911,1454,178,13,2024-10-18,3,370.98
2912,1455,193,138,2023-12-27,1,93.07
2913,1455,193,176,2023-12-27,4,483.44
2914,1456,521,46,2024-06-20,5,325.94
2915,1456,521,95,2024-06-20,1,109.36
2916,1456,521,55,2024-06-20,1,291.07
2917,1457,973,57,2023-07-10,3,208.35
2918,1457,973,19,2023-07-10,2,344.32
2919,1458,212,164,2024-08-07,5,325.65
2920,1458,212,4,2024-08-07,1,203.39
2921,1459,211,30,2024-12-06,3,495.18
2922,1459,211,2,2024-12-06,2,166.30
2923,1460,834,85,2025-05-01,2,303.88
2924,1460,834,100,2025-05-01,2,240.74
2925,1460,834,96,2025-05-01,4,31.88
2926,1461,160,154,2023-05-26,2,241.67
2927,1462,685,109,2023-09-22,5,307.18
2928,1462,685,182,2023-09-22,3,371.81
2929,1462,685,53,2023-09-22,3,195.42
2930,1463,707,107,2023-01-11,4,53.19
2931,1463,707,97,2023-01-11,3,378.95
2932,1464,837,125,2025-03-08,3,355.49
2933,1465,11,178,2024-10-03,4,172.16
2934,1465,11,11,2024-10-03,4,274.53
2935,1465,11,33,2024-10-03,2,35.88
2936,1466,653,30,2023-04-28,2,495.18
2937,1467,69,138,2023-07-07,3,93.07
2938,1467,69,43,2023-07-07,3,420.77
2939,1468,733,102,2024-12-12,3,239.91
2940,1468,733,138,2024-12-12,3,93.07
2941,1468,733,73,2024-12-12,5,349.04
2942,1469,112,31,2025-02-18,4,307.68
2943,1469,112,52,2025-02-18,1,257.15
2944,1470,867,52,2024-05-24,2,257.15
2945,1470,867,133,2024-05-24,1,132.37
2946,1470,867,121,2024-05-24,4,129.68
2947,1471,115,10,2023-08-23,4,285.76
2948,1472,86,178,2025-02-19,1,172.16
2949,1473,447,95,2024-09-22,4,109.36
2950,1474,147,153,2024-03-28,1,260.10
2951,1474,147,170,2024-03-28,5,368.98
2952,1474,147,197,2024-03-28,2,164.18
2953,1475,743,12,2023-11-22,5,90.67
2954,1476,972,88,2023-06-06,3,392.34
2955,1477,359,52,2024-04-18,1,257.15
2956,1478,390,75,2023-06-06,5,35.39
2957,1478,390,17,2023-06-06,2,157.47
2958,1479,643,86,2023-07-19,4,331.27
2959,1480,893,18,2024-03-27,2,39.45
2960,1481,542,143,2023-10-22,2,113.09
2961,1481,542,37,2023-10-22,5,218.69
2962,1481,542,82,2023-10-22,1,129.76
2963,1482,702,105,2023-03-08,5,194.08
2964,1483,18,185,2024-09-25,2,328.64
2965,1483,18,186,2024-09-25,3,454.04
2966,1483,18,95,2024-09-25,1,109.36
2967,1484,924,176,2023-04-17,2,483.44
2968,1485,391,145,2023-01-04,1,56.12
2969,1486,788,31,2024-08-03,2,307.68
2970,1486,788,196,2024-08-03,1,165.49
2971,1487,559,6,2023-03-17,4,276.22
2972,1487,559,147,2023-03-17,4,389.72
2973,1487,559,73,2023-03-17,5,349.04
2974,1488,461,61,2025-02-05,4,481.05
2975,1488,461,157,2025-02-05,3,195.28
2976,1489,652,123,2024-04-10,2,33.15
2977,1489,652,117,2024-04-10,5,338.03
2978,1490,230,74,2023-05-28,2,364.84
2979,1490,230,100,2023-05-28,3,240.74
2980,1491,377,6,2025-01-27,4,276.22
2981,1492,148,118,2023-02-13,4,10.91
2982,1492,148,182,2023-02-13,5,371.81
2983,1493,412,161,2023-05-09,3,185.84
2984,1494,965,108,2024-02-20,4,478.30
2985,1495,752,114,2024-04-08,4,368.48
2986,1495,752,119,2024-04-08,3,265.00
2987,1496,334,103,2024-11-12,2,267.56
2988,1496,334,186,2024-11-12,5,454.04
2989,1497,252,183,2023-08-11,2,462.77
2990,1498,200,187,2025-06-13,5,125.12
2991,1498,200,94,2025-06-13,4,332.02
2992,1498,200,141,2025-06-13,4,324.50
2993,1499,660,55,2023-11-11,4,291.07
2994,1499,660,37,2023-11-11,4,218.69
2995,1500,556,116,2024-10-29,3,160.06
2996,1501,423,52,2023-02-22,2,257.15
2997,1501,423,87,2023-02-22,5,404.87
2998,1501,423,41,2023-02-22,4,240.05
2999,1502,443,114,2023-07-04,1,368.48
3000,1502,443,178,2023-07-04,2,172.16
3001,1502,443,99,2023-07-04,5,202.37
3002,1503,177,191,2023-10-07,5,418.49
3003,1503,177,197,2023-10-07,2,164.18
3004,1503,177,165,2023-10-07,4,279.46
3005,1504,801,51,2025-03-31,2,313.50
3006,1504,801,106,2025-03-31,3,481.06
3007,1504,801,120,2025-03-31,2,178.99
3008,1505,134,125,2025-02-19,3,355.49
3009,1505,134,157,2025-02-19,5,195.28
3010,1505,134,136,2025-02-19,1,497.99
3011,1506,100,17,2025-03-16,1,157.47
3012,1506,100,6,2025-03-16,1,276.22
3013,1506,100,14,2025-03-16,3,61.58
3014,1507,321,52,2024-01-01,2,257.15
3015,1508,315,17,2025-05-10,3,157.47
3016,1509,932,150,2023-11-20,4,466.77
3017,1509,932,122,2023-11-20,3,16.72
3018,1509,932,181,2023-11-20,2,470.33
3019,1510,311,144,2023-04-14,2,456.73
3020,1510,311,39,2023-04-14,2,205.98
3021,1511,122,159,2024-06-29,4,170.04
3022,1511,122,41,2024-06-29,5,240.05
3023,1512,644,180,2024-04-25,3,404.51
3024,1512,644,177,2024-04-25,2,23.33
3025,1512,644,30,2024-04-25,2,495.18
3026,1513,100,11,2025-02-12,2,274.53
3027,1513,100,98,2025-02-12,4,30.99
3028,1514,489,197,2023-06-24,1,164.18
3029,1514,489,151,2023-06-24,3,136.88
3030,1515,599,47,2024-08-08,4,362.05
3031,1515,599,6,2024-08-08,4,276.22
3032,1516,581,87,2023-12-19,1,404.87
3033,1516,581,95,2023-12-19,1,109.36
3034,1516,581,46,2023-12-19,2,325.94
3035,1517,308,101,2024-11-24,2,192.99
3036,1517,308,29,2024-11-24,2,360.30
3037,1517,308,163,2024-11-24,3,381.41
3038,1518,729,22,2025-03-22,3,444.18
3039,1518,729,155,2025-03-22,4,422.79
3040,1519,637,107,2024-08-27,2,53.19
3041,1520,872,50,2023-09-16,5,430.77
3042,1520,872,72,2023-09-16,5,148.15
3043,1521,502,43,2023-11-23,1,420.77
3044,1522,245,79,2024-12-18,3,146.96
3045,1522,245,115,2024-12-18,4,262.37
3046,1522,245,87,2024-12-18,1,404.87
3047,1523,768,169,2025-02-16,4,245.81
3048,1523,768,169,2025-02-16,1,245.81
3049,1524,565,34,2023-02-02,5,5.41
3050,1524,565,3,2023-02-02,5,397.24
3051,1525,310,52,2024-01-25,4,257.15
3052,1526,398,178,2023-02-06,3,172.16
3053,1526,398,179,2023-02-06,4,205.72
3054,1527,376,132,2025-04-02,4,385.82
3055,1527,376,105,2025-04-02,3,194.08
3056,1528,966,185,2023-12-21,3,328.64
3057,1529,198,73,2024-05-15,3,349.04
3058,1529,198,22,2024-05-15,4,444.18
3059,1529,198,172,2024-05-15,1,361.26
3060,1530,936,131,2023-11-23,1,321.19
3061,1530,936,6,2023-11-23,2,276.22
3062,1530,936,196,2023-11-23,1,165.49
3063,1531,77,96,2023-07-01,1,31.88
3064,1532,586,61,2025-03-31,1,481.05
3065,1533,10,4,2025-01-10,3,203.39
3066,1534,73,150,2023-06-09,4,466.77
3067,1534,73,162,2023-06-09,3,44.82
3068,1534,73,171,2023-06-09,1,22.66
3069,1535,125,181,2023-02-27,2,470.33
3070,1535,125,52,2023-02-27,1,257.15
3071,1535,125,48,2023-02-27,1,330.66
3072,1536,975,1,2023-04-04,4,205.80
3073,1536,975,176,2023-04-04,2,483.44
3074,1536,975,54,2023-04-04,1,96.96
3075,1537,82,83,2024-02-01,5,141.22
3076,1537,82,50,2024-02-01,4,430.77
3077,1537,82,51,2024-02-01,4,313.50
3078,1538,724,121,2023-07-10,3,129.68
3079,1538,724,188,2023-07-10,5,12.10
3080,1538,724,16,2023-07-10,4,411.89
3081,1539,520,21,2023-01-07,2,49.80
3082,1540,270,139,2023-05-28,5,248.39
3083,1541,717,180,2023-05-07,1,404.51
3084,1542,192,83,2025-05-18,2,141.22
3085,1543,405,152,2024-10-12,3,452.78
3086,1544,423,164,2024-06-02,3,325.65
3087,1544,423,56,2024-06-02,4,357.49
3088,1544,423,65,2024-06-02,3,126.38
3089,1545,247,2,2024-06-27,3,166.30
3090,1545,247,73,2024-06-27,2,349.04
3091,1545,247,17,2024-06-27,1,157.47
3092,1546,506,188,2023-12-19,1,12.10
3093,1547,774,111,2025-04-17,1,402.14
3094,1547,774,173,2025-04-17,4,247.16
3095,1547,774,4,2025-04-17,1,203.39
3096,1548,603,93,2025-02-28,5,386.32
3097,1548,603,174,2025-02-28,1,397.40
3098,1549,269,82,2025-01-14,4,129.76
3099,1549,269,92,2025-01-14,4,419.61
3100,1549,269,95,2025-01-14,4,109.36
3101,1550,782,81,2024-05-15,5,426.46
3102,1550,782,191,2024-05-15,2,418.49
3103,1551,602,11,2023-06-24,3,274.53
3104,1552,477,119,2025-06-20,3,265.00
3105,1552,477,104,2025-06-20,4,10.86
3106,1553,464,37,2023-06-06,4,218.69
3107,1553,464,108,2023-06-06,1,478.30
3108,1554,808,98,2023-11-21,2,30.99
3109,1555,375,112,2023-01-15,2,328.89
3110,1555,375,39,2023-01-15,5,205.98
3111,1556,223,5,2023-04-08,4,123.08
3112,1557,154,87,2023-10-05,2,404.87
3113,1557,154,6,2023-10-05,4,276.22
3114,1558,163,141,2023-11-07,3,324.50
3115,1558,163,59,2023-11-07,2,286.22
3116,1559,622,128,2025-01-11,4,448.51
3117,1559,622,112,2025-01-11,2,328.89
3118,1560,993,16,2024-11-12,3,411.89
3119,1560,993,28,2024-11-12,1,459.65
3120,1561,723,156,2024-05-03,3,272.35
3121,1561,723,37,2024-05-03,2,218.69
3122,1562,966,56,2024-05-21,4,357.49
3123,1562,966,126,2024-05-21,1,47.75
3124,1562,966,79,2024-05-21,2,146.96
3125,1563,646,176,2023-11-15,5,483.44
3126,1563,646,110,2023-11-15,5,170.80
3127,1564,614,136,2023-05-13,3,497.99
3128,1565,743,177,2024-01-18,2,23.33
3129,1565,743,95,2024-01-18,5,109.36
3130,1566,65,115,2023-01-19,3,262.37
3131,1566,65,107,2023-01-19,2,53.19
3132,1567,968,177,2023-12-01,2,23.33
3133,1568,650,72,2024-05-02,5,148.15
3134,1568,650,88,2024-05-02,5,392.34
3135,1569,716,33,2023-07-19,3,35.88
3136,1569,716,162,2023-07-19,5,44.82
3137,1570,726,157,2024-08-30,2,195.28
3138,1571,501,121,2024-07-30,1,129.68
3139,1572,524,25,2025-06-20,4,198.03
3140,1572,524,193,2025-06-20,2,61.51
3141,1573,330,136,2023-03-25,4,497.99
3142,1573,330,119,2023-03-25,5,265.00
3143,1573,330,187,2023-03-25,3,125.12
3144,1574,461,200,2024-02-03,2,140.57
3145,1575,729,94,2023-05-27,1,332.02
3146,1575,729,122,2023-05-27,2,16.72
3147,1576,649,84,2023-01-04,3,12.02
3148,1577,495,38,2024-07-29,3,314.47
3149,1577,495,82,2024-07-29,4,129.76
3150,1577,495,81,2024-07-29,5,426.46
3151,1578,205,166,2025-04-23,2,332.05
3152,1578,205,153,2025-04-23,5,260.10
3153,1578,205,31,2025-04-23,3,307.68
3154,1579,63,50,2025-01-23,5,430.77
3155,1579,63,130,2025-01-23,3,331.93
3156,1579,63,64,2025-01-23,4,264.05
3157,1580,718,3,2025-04-18,3,397.24
3158,1580,718,67,2025-04-18,2,308.44
3159,1581,304,8,2023-01-26,4,108.07
3160,1582,378,199,2024-04-21,2,171.06
3161,1583,641,143,2024-01-27,2,113.09
3162,1583,641,153,2024-01-27,4,260.10
3163,1584,111,117,2023-10-08,3,338.03
3164,1584,111,51,2023-10-08,5,313.50
3165,1585,292,151,2023-06-16,2,136.88
3166,1585,292,83,2023-06-16,1,141.22
3167,1586,54,84,2025-06-07,5,12.02
3168,1587,378,81,2023-05-26,4,426.46
3169,1587,378,141,2023-05-26,1,324.50
3170,1588,445,83,2024-10-23,4,141.22
3171,1588,445,46,2024-10-23,3,325.94
3172,1588,445,157,2024-10-23,1,195.28
3173,1589,290,145,2023-11-28,5,56.12
3174,1589,290,11,2023-11-28,5,274.53
3175,1589,290,15,2023-11-28,2,166.05
3176,1590,66,36,2023-03-11,2,433.50
3177,1590,66,27,2023-03-11,5,153.36
3178,1591,963,61,2024-12-31,1,481.05
3179,1592,996,87,2024-01-01,1,404.87
3180,1592,996,106,2024-01-01,3,481.06
3181,1593,505,140,2024-02-15,1,307.09
3182,1594,427,102,2024-10-19,2,239.91
3183,1594,427,141,2024-10-19,1,324.50
3184,1594,427,54,2024-10-19,4,96.96
3185,1595,119,67,2025-02-20,2,308.44
3186,1596,58,175,2024-10-22,5,252.33
3187,1597,54,179,2024-10-20,2,205.72
3188,1598,44,57,2023-02-13,2,208.35
3189,1598,44,40,2023-02-13,2,274.82
3190,1599,328,100,2023-11-27,4,240.74
3191,1599,328,5,2023-11-27,5,123.08
3192,1599,328,196,2023-11-27,3,165.49
3193,1600,25,183,2024-11-16,4,462.77
3194,1600,25,141,2024-11-16,1,324.50
3195,1601,205,10,2024-08-26,2,285.76
3196,1602,597,2,2024-05-18,3,166.30
3197,1603,83,95,2024-08-18,5,109.36
3198,1603,83,43,2024-08-18,4,420.77
3199,1603,83,55,2024-08-18,2,291.07
3200,1604,8,191,2024-10-04,5,418.49
3201,1604,8,73,2024-10-04,3,349.04
3202,1604,8,143,2024-10-04,3,113.09
3203,1605,398,52,2023-06-13,5,257.15
3204,1605,398,66,2023-06-13,3,343.61
3205,1605,398,51,2023-06-13,3,313.50
3206,1606,403,167,2023-05-03,3,349.45
3207,1606,403,116,2023-05-03,1,160.06
3208,1607,618,172,2024-10-29,5,361.26
3209,1607,618,198,2024-10-29,4,383.28
3210,1608,190,11,2023-04-26,4,274.53
3211,1609,761,53,2025-06-14,2,195.42
3212,1610,754,77,2025-02-04,2,329.87
3213,1610,754,152,2025-02-04,3,452.78
3214,1610,754,93,2025-02-04,4,386.32
3215,1611,664,59,2024-10-03,5,286.22
3216,1612,223,7,2024-06-07,3,194.98
3217,1612,223,4,2024-06-07,2,203.39
3218,1613,882,53,2023-12-08,4,195.42
3219,1614,398,84,2025-01-07,4,12.02
3220,1614,398,101,2025-01-07,5,192.99
3221,1614,398,193,2025-01-07,2,61.51
3222,1615,492,153,2024-07-28,3,260.10
3223,1615,492,171,2024-07-28,2,22.66
3224,1616,632,1,2023-04-20,1,205.80
3225,1617,52,3,2025-05-27,3,397.24
3226,1617,52,1,2025-05-27,3,205.80
3227,1617,52,114,2025-05-27,4,368.48
3228,1618,582,25,2023-06-13,1,198.03
3229,1618,582,95,2023-06-13,2,109.36
3230,1618,582,166,2023-06-13,2,332.05
3231,1619,760,96,2025-06-16,1,31.88
3232,1619,760,72,2025-06-16,4,148.15
3233,1620,23,198,2023-11-01,1,383.28
3234,1620,23,31,2023-11-01,3,307.68
3235,1620,23,37,2023-11-01,3,218.69
3236,1621,953,53,2025-06-27,1,195.42
3237,1621,953,163,2025-06-27,1,381.41
3238,1622,179,29,2023-01-15,1,360.30
3239,1622,179,186,2023-01-15,2,454.04
3240,1623,891,149,2025-06-26,5,328.16
3241,1623,891,70,2025-06-26,3,289.10
3242,1624,720,123,2024-07-30,1,33.15
3243,1625,709,56,2023-06-06,1,357.49
3244,1625,709,102,2023-06-06,4,239.91
3245,1625,709,8,2023-06-06,1,108.07
3246,1626,443,120,2025-04-30,4,178.99
3247,1626,443,45,2025-04-30,1,71.46
3248,1627,919,169,2023-02-15,1,245.81
3249,1627,919,198,2023-02-15,3,383.28
3250,1627,919,182,2023-02-15,3,371.81
3251,1628,491,69,2023-07-27,1,237.08
3252,1628,491,172,2023-07-27,3,361.26
3253,1628,491,49,2023-07-27,2,46.90
3254,1629,459,1,2025-04-09,1,205.80
3255,1629,459,145,2025-04-09,4,56.12
3256,1629,459,144,2025-04-09,4,456.73
3257,1630,733,191,2025-05-18,1,418.49
3258,1631,373,154,2023-04-01,3,241.67
3259,1631,373,117,2023-04-01,4,338.03
3260,1632,168,169,2024-01-18,3,245.81
3261,1632,168,186,2024-01-18,5,454.04
3262,1632,168,139,2024-01-18,2,248.39
3263,1633,753,89,2024-10-16,4,245.02
3264,1633,753,45,2024-10-16,5,71.46
3265,1634,382,89,2024-04-23,3,245.02
3266,1634,382,38,2024-04-23,4,314.47
3267,1635,556,93,2024-02-22,4,386.32
3268,1635,556,23,2024-02-22,5,379.74
3269,1635,556,65,2024-02-22,2,126.38
3270,1636,947,166,2024-01-03,4,332.05
3271,1636,947,116,2024-01-03,5,160.06
3272,1637,169,11,2025-06-30,3,274.53
3273,1637,169,130,2025-06-30,2,331.93
3274,1637,169,154,2025-06-30,3,241.67
3275,1638,648,191,2025-05-01,2,418.49
3276,1638,648,147,2025-05-01,2,389.72
3277,1638,648,53,2025-05-01,4,195.42
3278,1639,844,29,2024-03-05,5,360.30
3279,1640,43,27,2024-06-16,5,153.36
3280,1640,43,2,2024-06-16,3,166.30
3281,1640,43,141,2024-06-16,2,324.50
3282,1641,233,182,2024-12-01,3,371.81
3283,1641,233,126,2024-12-01,1,47.75
3284,1641,233,84,2024-12-01,3,12.02
3285,1642,960,134,2024-02-09,4,142.25
3286,1642,960,57,2024-02-09,5,208.35
3287,1642,960,90,2024-02-09,4,174.70
3288,1643,770,58,2023-04-19,4,21.55
3289,1643,770,40,2023-04-19,2,274.82
3290,1643,770,184,2023-04-19,1,369.04
3291,1644,820,127,2023-04-21,2,191.09
3292,1644,820,19,2023-04-21,3,344.32
3293,1644,820,62,2023-04-21,4,75.32
3294,1645,846,139,2023-08-03,1,248.39
3295,1645,846,49,2023-08-03,1,46.90
3296,1646,32,31,2023-10-30,2,307.68
3297,1647,848,175,2025-03-05,1,252.33
3298,1648,260,31,2024-04-08,4,307.68
3299,1649,678,3,2024-02-17,5,397.24
3300,1649,678,77,2024-02-17,3,329.87
3301,1650,384,78,2023-08-02,4,405.39
3302,1650,384,159,2023-08-02,5,170.04
3303,1651,651,152,2024-09-21,1,452.78
3304,1651,651,174,2024-09-21,4,397.40
3305,1652,512,90,2023-11-24,1,174.70
3306,1653,718,99,2024-04-29,5,202.37
3307,1653,718,198,2024-04-29,1,383.28
3308,1654,706,159,2024-08-24,3,170.04
3309,1654,706,176,2024-08-24,4,483.44
3310,1655,390,125,2023-02-09,1,355.49
3311,1656,259,24,2024-07-10,1,229.21
3312,1656,259,63,2024-07-10,1,235.13
3313,1657,389,87,2025-02-06,2,404.87
3314,1657,389,155,2025-02-06,4,422.79
3315,1658,331,142,2023-11-14,4,76.21
3316,1659,629,25,2024-02-25,1,198.03
3317,1660,132,173,2024-08-30,1,247.16
3318,1660,132,130,2024-08-30,4,331.93
3319,1660,132,18,2024-08-30,5,39.45
3320,1661,475,179,2023-10-09,5,205.72
3321,1662,821,168,2024-07-02,1,317.15
3322,1662,821,65,2024-07-02,5,126.38
3323,1663,715,126,2024-06-13,2,47.75
3324,1664,301,42,2025-05-24,1,279.92
3325,1664,301,75,2025-05-24,5,35.39
3326,1665,437,176,2023-04-23,2,483.44
3327,1665,437,20,2023-04-23,2,167.06
3328,1666,498,2,2023-09-13,4,166.30
3329,1666,498,199,2023-09-13,2,171.06
3330,1667,45,47,2023-11-06,2,362.05
3331,1667,45,88,2023-11-06,5,392.34
3332,1668,235,114,2024-12-31,1,368.48
3333,1668,235,26,2024-12-31,2,101.84
3334,1669,136,155,2025-01-28,5,422.79
3335,1670,449,94,2024-05-23,4,332.02
3336,1671,726,178,2024-06-21,3,172.16
3337,1672,557,108,2023-04-19,4,478.30
3338,1672,557,9,2023-04-19,3,393.23
3339,1672,557,112,2023-04-19,5,328.89
3340,1673,433,17,2023-03-10,1,157.47
3341,1673,433,68,2023-03-10,3,269.83
3342,1673,433,122,2023-03-10,4,16.72
3343,1674,942,36,2023-09-07,1,433.50
3344,1674,942,7,2023-09-07,2,194.98
3345,1674,942,23,2023-09-07,5,379.74
3346,1675,681,115,2023-07-21,5,262.37
3347,1676,571,123,2023-09-27,1,33.15
3348,1676,571,169,2023-09-27,2,245.81
3349,1677,424,144,2023-04-29,1,456.73
3350,1677,424,60,2023-04-29,2,61.01
3351,1677,424,38,2023-04-29,3,314.47
3352,1678,765,101,2024-12-19,1,192.99
3353,1679,62,4,2024-06-06,1,203.39
3354,1679,62,135,2024-06-06,3,194.48
3355,1680,544,78,2023-01-10,2,405.39
3356,1680,544,82,2023-01-10,2,129.76
3357,1680,544,123,2023-01-10,2,33.15
3358,1681,680,123,2024-05-01,4,33.15
3359,1682,102,100,2023-06-26,5,240.74
3360,1683,643,19,2024-07-08,2,344.32
3361,1683,643,171,2024-07-08,2,22.66
3362,1683,643,131,2024-07-08,2,321.19
3363,1684,490,19,2024-06-09,5,344.32
3364,1685,253,193,2024-10-03,4,61.51
3365,1686,371,68,2023-08-19,4,269.83
3366,1686,371,16,2023-08-19,4,411.89
3367,1686,371,11,2023-08-19,3,274.53
3368,1687,29,172,2023-07-17,3,361.26
3369,1687,29,101,2023-07-17,4,192.99
3370,1688,857,58,2025-06-06,2,21.55
3371,1688,857,123,2025-06-06,5,33.15
3372,1688,857,131,2025-06-06,4,321.19
3373,1689,893,163,2025-02-12,2,381.41
3374,1689,893,62,2025-02-12,5,75.32
3375,1689,893,134,2025-02-12,3,142.25
3376,1690,792,111,2023-03-18,5,402.14
3377,1690,792,8,2023-03-18,4,108.07
3378,1691,576,181,2023-03-28,2,470.33
3379,1692,41,72,2024-01-14,4,148.15
3380,1692,41,72,2024-01-14,4,148.15
3381,1692,41,167,2024-01-14,3,349.45
3382,1693,857,155,2024-07-02,3,422.79
3383,1693,857,79,2024-07-02,4,146.96
3384,1694,500,194,2024-01-31,5,36.23
3385,1694,500,178,2024-01-31,5,172.16
3386,1694,500,175,2024-01-31,5,252.33
3387,1695,677,147,2025-03-15,2,389.72
3388,1695,677,121,2025-03-15,3,129.68
3389,1695,677,24,2025-03-15,4,229.21
3390,1696,546,158,2024-06-13,1,64.99
3391,1696,546,65,2024-06-13,3,126.38
3392,1697,896,153,2023-10-23,5,260.10
3393,1697,896,59,2023-10-23,3,286.22
3394,1698,929,145,2023-09-03,2,56.12
3395,1698,929,90,2023-09-03,3,174.70
3396,1699,846,133,2023-12-10,4,132.37
3397,1700,271,109,2024-09-04,2,307.18
3398,1700,271,197,2024-09-04,5,164.18
3399,1701,822,177,2025-02-27,3,23.33
3400,1702,704,93,2024-12-03,5,386.32
3401,1703,329,119,2023-07-29,5,265.00
3402,1703,329,134,2023-07-29,2,142.25
3403,1703,329,31,2023-07-29,3,307.68
3404,1704,253,154,2023-07-30,3,241.67
3405,1704,253,47,2023-07-30,4,362.05
3406,1704,253,96,2023-07-30,2,31.88
3407,1705,496,70,2025-01-04,5,289.10
3408,1705,496,118,2025-01-04,5,10.91
3409,1706,150,156,2023-09-18,1,272.35
3410,1706,150,65,2023-09-18,1,126.38
3411,1707,833,101,2024-07-17,1,192.99
3412,1707,833,18,2024-07-17,2,39.45
3413,1708,951,117,2024-05-21,5,338.03
3414,1708,951,150,2024-05-21,3,466.77
3415,1709,582,51,2024-03-06,3,313.50
3416,1709,582,14,2024-03-06,4,61.58
3417,1709,582,161,2024-03-06,4,185.84
3418,1710,111,112,2024-05-02,4,328.89
3419,1710,111,81,2024-05-02,1,426.46
3420,1710,111,36,2024-05-02,2,433.50
3421,1711,371,14,2025-02-17,1,61.58
3422,1712,285,141,2023-04-21,5,324.50
3423,1713,131,25,2025-03-13,4,198.03
3424,1713,131,53,2025-03-13,1,195.42
3425,1714,581,3,2023-03-03,1,397.24
3426,1714,581,87,2023-03-03,5,404.87
3427,1714,581,185,2023-03-03,3,328.64
3428,1715,441,60,2023-09-04,2,61.01
3429,1715,441,159,2023-09-04,5,170.04
3430,1716,770,142,2023-10-01,3,76.21
3431,1716,770,61,2023-10-01,2,481.05
3432,1716,770,6,2023-10-01,5,276.22
3433,1717,325,57,2025-02-19,2,208.35
3434,1717,325,99,2025-02-19,2,202.37
3435,1717,325,139,2025-02-19,5,248.39
3436,1718,978,24,2023-06-14,5,229.21
3437,1719,629,125,2023-10-04,1,355.49
3438,1719,629,25,2023-10-04,2,198.03
3439,1719,629,105,2023-10-04,2,194.08
3440,1720,471,43,2024-09-16,2,420.77
3441,1721,287,1,2023-04-20,2,205.80
3442,1722,316,149,2024-03-21,5,328.16
3443,1722,316,99,2024-03-21,4,202.37
3444,1722,316,55,2024-03-21,2,291.07
3445,1723,868,105,2023-03-25,4,194.08
3446,1724,154,99,2025-01-26,5,202.37
3447,1724,154,193,2025-01-26,4,61.51
3448,1725,555,70,2025-02-22,2,289.10
3449,1726,504,135,2024-03-23,3,194.48
3450,1726,504,83,2024-03-23,1,141.22
3451,1726,504,128,2024-03-23,5,448.51
3452,1727,398,114,2025-05-08,5,368.48
3453,1727,398,53,2025-05-08,3,195.42
3454,1727,398,37,2025-05-08,1,218.69
3455,1728,858,175,2024-12-16,4,252.33
3456,1728,858,44,2024-12-16,4,147.78
3457,1728,858,54,2024-12-16,2,96.96
3458,1729,362,71,2024-02-19,2,213.39
3459,1729,362,184,2024-02-19,3,369.04
3460,1730,389,121,2024-09-06,1,129.68
3461,1731,958,63,2024-07-30,1,235.13
3462,1731,958,116,2024-07-30,1,160.06
3463,1731,958,100,2024-07-30,5,240.74
3464,1732,369,6,2024-01-26,4,276.22
3465,1732,369,112,2024-01-26,4,328.89
3466,1733,92,66,2024-03-23,3,343.61
3467,1733,92,59,2024-03-23,3,286.22
3468,1734,934,123,2023-09-24,2,33.15
3469,1734,934,44,2023-09-24,2,147.78
3470,1735,661,154,2024-06-13,5,241.67
3471,1735,661,51,2024-06-13,1,313.50
3472,1735,661,98,2024-06-13,3,30.99
3473,1736,779,24,2023-08-23,2,229.21
3474,1737,631,142,2024-12-13,1,76.21
3475,1738,82,66,2024-06-21,4,343.61
3476,1738,82,39,2024-06-21,3,205.98
3477,1739,880,72,2024-03-22,2,148.15
3478,1740,420,43,2023-11-16,5,420.77
3479,1741,238,24,2025-06-11,5,229.21
3480,1742,587,190,2024-11-01,2,230.80
3481,1743,562,109,2024-04-26,2,307.18
3482,1743,562,61,2024-04-26,1,481.05
3483,1744,618,20,2024-12-30,1,167.06
3484,1745,276,46,2025-04-16,5,325.94
3485,1746,798,142,2024-04-18,3,76.21
3486,1747,184,137,2023-06-06,2,478.01
3487,1747,184,63,2023-06-06,1,235.13
3488,1747,184,84,2023-06-06,2,12.02
3489,1748,526,6,2025-04-12,5,276.22
3490,1748,526,130,2025-04-12,1,331.93
3491,1749,139,13,2023-06-21,4,370.98
3492,1749,139,40,2023-06-21,2,274.82
3493,1750,883,95,2024-09-15,5,109.36
3494,1751,474,117,2023-09-09,2,338.03
3495,1751,474,182,2023-09-09,1,371.81
3496,1752,255,164,2023-06-15,5,325.65
3497,1752,255,194,2023-06-15,1,36.23
3498,1752,255,18,2023-06-15,4,39.45
3499,1753,1,118,2023-10-22,5,10.91
3500,1754,694,102,2025-02-11,5,239.91
3501,1754,694,139,2025-02-11,4,248.39
3502,1755,478,134,2024-10-24,3,142.25
3503,1755,478,156,2024-10-24,5,272.35
3504,1755,478,184,2024-10-24,4,369.04
3505,1756,537,43,2024-02-22,5,420.77
3506,1756,537,128,2024-02-22,2,448.51
3507,1757,212,154,2023-03-17,3,241.67
3508,1758,119,106,2024-09-10,4,481.06
3509,1758,119,97,2024-09-10,3,378.95
3510,1759,25,125,2023-11-19,2,355.49
3511,1759,25,193,2023-11-19,1,61.51
3512,1760,446,164,2025-03-04,2,325.65
3513,1761,886,195,2024-08-27,2,215.96
3514,1761,886,167,2024-08-27,3,349.45
3515,1762,251,5,2023-05-26,2,123.08
3516,1762,251,113,2023-05-26,3,233.24
3517,1763,409,183,2024-04-22,4,462.77
3518,1763,409,96,2024-04-22,2,31.88
3519,1764,134,14,2024-03-01,2,61.58
3520,1764,134,38,2024-03-01,1,314.47
3521,1765,384,90,2023-02-24,4,174.70
3522,1765,384,99,2023-02-24,4,202.37
3523,1766,613,91,2023-10-29,5,483.83
3524,1767,489,123,2023-02-11,1,33.15
3525,1767,489,91,2023-02-11,3,483.83
3526,1767,489,50,2023-02-11,3,430.77
3527,1768,170,26,2023-01-12,2,101.84
3528,1768,170,191,2023-01-12,5,418.49
3529,1768,170,70,2023-01-12,1,289.10
3530,1769,522,162,2023-08-12,5,44.82
3531,1770,25,104,2024-04-04,3,10.86
3532,1770,25,157,2024-04-04,4,195.28
3533,1771,637,73,2023-12-01,3,349.04
3534,1771,637,14,2023-12-01,5,61.58
3535,1772,127,113,2025-06-23,4,233.24
3536,1772,127,111,2025-06-23,5,402.14
3537,1772,127,10,2025-06-23,5,285.76
3538,1773,767,130,2024-08-02,1,331.93
3539,1773,767,40,2024-08-02,4,274.82
3540,1773,767,85,2024-08-02,4,303.88
3541,1774,740,69,2024-10-12,2,237.08
3542,1774,740,37,2024-10-12,2,218.69
3543,1774,740,24,2024-10-12,5,229.21
3544,1775,283,57,2024-02-08,1,208.35
3545,1775,283,12,2024-02-08,3,90.67
3546,1776,977,50,2023-05-17,4,430.77
3547,1777,199,39,2024-03-03,4,205.98
3548,1777,199,141,2024-03-03,5,324.50
3549,1777,199,66,2024-03-03,2,343.61
3550,1778,68,10,2023-06-17,3,285.76
3551,1779,495,17,2025-03-16,2,157.47
3552,1779,495,120,2025-03-16,2,178.99
3553,1779,495,173,2025-03-16,4,247.16
3554,1780,82,118,2024-11-16,3,10.91
3555,1781,746,121,2024-01-17,3,129.68
3556,1781,746,148,2024-01-17,5,448.76
3557,1781,746,141,2024-01-17,3,324.50
3558,1782,681,135,2023-12-01,2,194.48
3559,1782,681,171,2023-12-01,5,22.66
3560,1782,681,134,2023-12-01,3,142.25
3561,1783,797,58,2023-09-09,1,21.55
3562,1783,797,112,2023-09-09,4,328.89
3563,1783,797,70,2023-09-09,3,289.10
3564,1784,308,186,2024-05-25,4,454.04
3565,1784,308,14,2024-05-25,5,61.58
3566,1784,308,77,2024-05-25,3,329.87
3567,1785,844,143,2023-06-01,2,113.09
3568,1786,902,119,2023-09-12,2,265.00
3569,1787,715,130,2024-07-09,3,331.93
3570,1788,761,108,2024-02-14,5,478.30
3571,1788,761,85,2024-02-14,3,303.88
3572,1789,249,160,2023-06-16,4,203.29
3573,1790,68,81,2025-03-04,1,426.46
3574,1790,68,112,2025-03-04,4,328.89
3575,1790,68,111,2025-03-04,2,402.14
3576,1791,485,86,2023-02-01,3,331.27
3577,1791,485,31,2023-02-01,3,307.68
3578,1792,499,126,2025-06-19,4,47.75
3579,1793,220,111,2024-02-20,2,402.14
3580,1793,220,74,2024-02-20,2,364.84
3581,1793,220,157,2024-02-20,2,195.28
3582,1794,164,84,2024-09-04,5,12.02
3583,1794,164,97,2024-09-04,1,378.95
3584,1795,85,189,2023-03-26,1,452.80
3585,1796,554,127,2024-03-14,1,191.09
3586,1797,664,14,2023-06-05,1,61.58
3587,1797,664,121,2023-06-05,2,129.68
3588,1797,664,9,2023-06-05,2,393.23
3589,1798,864,174,2024-01-11,3,397.40
3590,1798,864,171,2024-01-11,5,22.66
3591,1799,42,80,2023-06-19,3,67.77
3592,1800,40,22,2024-08-19,1,444.18
3593,1801,1,50,2025-04-21,2,430.77
3594,1801,1,101,2025-04-21,4,192.99
3595,1801,1,28,2025-04-21,3,459.65
3596,1802,299,135,2024-09-22,1,194.48
3597,1802,299,157,2024-09-22,3,195.28
3598,1802,299,36,2024-09-22,1,433.50
3599,1803,621,67,2025-05-22,2,308.44
3600,1803,621,165,2025-05-22,5,279.46
3601,1804,509,58,2024-09-13,3,21.55
3602,1805,403,87,2025-05-22,2,404.87
3603,1806,485,116,2025-04-09,3,160.06
3604,1806,485,131,2025-04-09,3,321.19
3605,1806,485,76,2025-04-09,4,291.17
3606,1807,827,80,2023-08-29,3,67.77
3607,1807,827,54,2023-08-29,2,96.96
3608,1808,153,40,2024-12-21,1,274.82
3609,1808,153,21,2024-12-21,1,49.80
3610,1809,897,38,2023-05-01,1,314.47
3611,1809,897,115,2023-05-01,2,262.37
3612,1809,897,39,2023-05-01,1,205.98
3613,1810,789,177,2023-12-07,3,23.33
3614,1810,789,149,2023-12-07,2,328.16
3615,1811,494,105,2024-03-21,1,194.08
3616,1811,494,165,2024-03-21,5,279.46
3617,1811,494,187,2024-03-21,5,125.12
3618,1812,960,54,2024-12-27,4,96.96
3619,1812,960,168,2024-12-27,1,317.15
3620,1813,161,50,2024-02-05,3,430.77
3621,1813,161,17,2024-02-05,1,157.47
3622,1814,862,65,2025-05-23,4,126.38
3623,1815,833,119,2024-05-24,4,265.00
3624,1816,884,116,2023-11-28,2,160.06
3625,1816,884,84,2023-11-28,4,12.02
3626,1816,884,169,2023-11-28,3,245.81
3627,1817,889,48,2024-12-17,1,330.66
3628,1817,889,43,2024-12-17,3,420.77
3629,1817,889,107,2024-12-17,1,53.19
3630,1818,897,38,2023-12-09,1,314.47
3631,1818,897,36,2023-12-09,2,433.50
3632,1819,619,72,2024-05-22,2,148.15
3633,1819,619,185,2024-05-22,2,328.64
3634,1819,619,107,2024-05-22,1,53.19
3635,1820,647,183,2024-01-05,3,462.77
3636,1821,382,1,2023-12-12,1,205.80
3637,1821,382,124,2023-12-12,5,475.48
3638,1821,382,52,2023-12-12,2,257.15
3639,1822,341,169,2024-11-27,5,245.81
3640,1823,544,136,2024-02-05,5,497.99
3641,1823,544,157,2024-02-05,5,195.28
3642,1824,446,188,2025-02-27,1,12.10
3643,1825,988,152,2025-01-06,5,452.78
3644,1825,988,75,2025-01-06,5,35.39
3645,1826,46,86,2023-10-19,1,331.27
3646,1826,46,105,2023-10-19,5,194.08
3647,1827,989,17,2025-03-21,4,157.47
3648,1827,989,107,2025-03-21,4,53.19
3649,1827,989,156,2025-03-21,5,272.35
3650,1828,946,152,2023-11-19,2,452.78
3651,1829,272,167,2023-11-04,1,349.45
3652,1829,272,59,2023-11-04,5,286.22
3653,1830,405,2,2023-09-29,5,166.30
3654,1830,405,59,2023-09-29,1,286.22
3655,1831,975,116,2025-04-21,2,160.06
3656,1832,3,13,2024-03-16,1,370.98
3657,1832,3,71,2024-03-16,5,213.39
3658,1833,963,5,2024-03-02,5,123.08
3659,1833,963,188,2024-03-02,3,12.10
3660,1833,963,197,2024-03-02,5,164.18
3661,1834,53,149,2024-05-23,2,328.16
3662,1834,53,137,2024-05-23,5,478.01
3663,1834,53,74,2024-05-23,1,364.84
3664,1835,948,144,2024-02-03,3,456.73
3665,1836,559,52,2024-11-02,1,257.15
3666,1837,440,85,2023-03-23,2,303.88
3667,1837,440,123,2023-03-23,1,33.15
3668,1837,440,26,2023-03-23,2,101.84
3669,1838,749,44,2023-09-22,3,147.78
3670,1838,749,172,2023-09-22,3,361.26
3671,1838,749,107,2023-09-22,2,53.19
3672,1839,209,42,2025-01-16,3,279.92
3673,1839,209,25,2025-01-16,3,198.03
3674,1840,556,141,2024-12-09,1,324.50
3675,1840,556,20,2024-12-09,2,167.06
3676,1841,874,62,2023-01-04,1,75.32
3677,1842,989,30,2023-07-03,4,495.18
3678,1842,989,87,2023-07-03,1,404.87
3679,1843,785,200,2025-05-05,5,140.57
3680,1843,785,120,2025-05-05,5,178.99
3681,1843,785,32,2025-05-05,4,424.57
3682,1844,630,22,2023-10-12,3,444.18
3683,1844,630,24,2023-10-12,3,229.21
3684,1844,630,46,2023-10-12,4,325.94
3685,1845,559,186,2023-09-14,1,454.04
3686,1846,824,197,2025-03-23,1,164.18
3687,1846,824,17,2025-03-23,2,157.47
3688,1846,824,38,2025-03-23,3,314.47
3689,1847,535,177,2025-04-14,5,23.33
3690,1848,491,162,2025-02-14,3,44.82
3691,1849,349,100,2025-05-23,4,240.74
3692,1850,827,199,2024-06-08,4,171.06
3693,1851,172,159,2023-07-14,4,170.04
3694,1852,766,18,2024-12-15,2,39.45
3695,1852,766,169,2024-12-15,4,245.81
3696,1852,766,143,2024-12-15,4,113.09
3697,1853,330,95,2024-10-19,2,109.36
3698,1853,330,11,2024-10-19,1,274.53
3699,1854,193,147,2023-01-04,3,389.72
3700,1854,193,5,2023-01-04,3,123.08
3701,1855,347,192,2024-03-01,1,409.80
3702,1855,347,81,2024-03-01,4,426.46
3703,1855,347,22,2024-03-01,2,444.18
3704,1856,609,144,2024-06-17,1,456.73
3705,1857,140,127,2024-04-29,5,191.09
3706,1857,140,142,2024-04-29,3,76.21
3707,1857,140,31,2024-04-29,5,307.68
3708,1858,806,164,2025-05-05,3,325.65
3709,1859,320,109,2024-07-03,3,307.18
3710,1860,880,15,2023-04-20,3,166.05
3711,1861,988,179,2023-05-21,3,205.72
3712,1861,988,98,2023-05-21,2,30.99
3713,1861,988,72,2023-05-21,3,148.15
3714,1862,77,94,2024-06-27,1,332.02
3715,1862,77,128,2024-06-27,3,448.51
3716,1863,308,6,2024-02-21,1,276.22
3717,1863,308,73,2024-02-21,3,349.04
3718,1863,308,48,2024-02-21,1,330.66
3719,1864,954,155,2024-06-21,5,422.79
3720,1865,372,25,2023-04-27,3,198.03
3721,1866,326,32,2025-06-28,2,424.57
3722,1866,326,148,2025-06-28,2,448.76
3723,1867,820,60,2023-03-22,1,61.01
3724,1867,820,71,2023-03-22,3,213.39
3725,1867,820,195,2023-03-22,5,215.96
3726,1868,935,21,2025-05-29,5,49.80
3727,1868,935,148,2025-05-29,5,448.76
3728,1868,935,77,2025-05-29,5,329.87
3729,1869,305,104,2023-04-13,1,10.86
3730,1869,305,80,2023-04-13,4,67.77
3731,1869,305,24,2023-04-13,3,229.21
3732,1870,759,36,2023-02-23,1,433.50
3733,1870,759,25,2023-02-23,5,198.03
3734,1871,110,11,2024-05-03,4,274.53
3735,1872,416,28,2024-07-08,3,459.65
3736,1872,416,41,2024-07-08,5,240.05
3737,1873,917,64,2025-03-24,1,264.05
3738,1873,917,86,2025-03-24,2,331.27
3739,1873,917,48,2025-03-24,5,330.66
3740,1874,888,162,2023-04-17,1,44.82
3741,1874,888,121,2023-04-17,2,129.68
3742,1874,888,187,2023-04-17,2,125.12
3743,1875,756,175,2025-04-21,5,252.33
3744,1876,418,175,2023-01-06,5,252.33
3745,1877,591,187,2025-03-24,2,125.12
3746,1877,591,127,2025-03-24,5,191.09
3747,1878,61,55,2024-03-16,5,291.07
3748,1879,398,136,2023-07-17,3,497.99
3749,1879,398,89,2023-07-17,2,245.02
3750,1879,398,104,2023-07-17,5,10.86
3751,1880,933,74,2024-08-15,3,364.84
3752,1880,933,64,2024-08-15,5,264.05
3753,1881,724,66,2024-03-06,5,343.61
3754,1882,2,104,2023-04-28,5,10.86
3755,1882,2,49,2023-04-28,3,46.90
3756,1883,132,48,2024-08-13,5,330.66
3757,1883,132,31,2024-08-13,2,307.68
3758,1883,132,34,2024-08-13,1,5.41
3759,1884,256,12,2025-02-01,1,90.67
3760,1885,405,56,2023-05-17,3,357.49
3761,1885,405,29,2023-05-17,5,360.30
3762,1885,405,1,2023-05-17,2,205.80
3763,1886,114,179,2025-04-29,1,205.72
3764,1886,114,106,2025-04-29,1,481.06
3765,1886,114,88,2025-04-29,2,392.34
3766,1887,148,186,2023-05-31,1,454.04
3767,1887,148,95,2023-05-31,3,109.36
3768,1888,388,133,2024-11-06,3,132.37
3769,1888,388,114,2024-11-06,2,368.48
3770,1889,150,100,2023-07-31,3,240.74
3771,1889,150,49,2023-07-31,2,46.90
3772,1889,150,126,2023-07-31,4,47.75
3773,1890,448,65,2023-02-20,1,126.38
3774,1890,448,111,2023-02-20,4,402.14
3775,1891,63,16,2025-03-11,4,411.89
3776,1892,297,106,2023-07-28,1,481.06
3777,1892,297,74,2023-07-28,2,364.84
3778,1892,297,73,2023-07-28,3,349.04
3779,1893,437,4,2025-02-26,4,203.39
3780,1894,67,117,2024-08-23,3,338.03
3781,1894,67,78,2024-08-23,2,405.39
3782,1894,67,116,2024-08-23,2,160.06
3783,1895,885,123,2023-10-10,4,33.15
3784,1895,885,70,2023-10-10,2,289.10
3785,1895,885,123,2023-10-10,2,33.15
3786,1896,927,5,2023-05-17,2,123.08
3787,1896,927,166,2023-05-17,4,332.05
3788,1897,225,131,2024-07-18,2,321.19
3789,1897,225,29,2024-07-18,3,360.30
3790,1898,380,66,2024-06-18,1,343.61
3791,1898,380,70,2024-06-18,5,289.10
3792,1898,380,80,2024-06-18,4,67.77
3793,1899,65,28,2024-08-03,2,459.65
3794,1900,259,63,2025-04-09,5,235.13
3795,1900,259,158,2025-04-09,5,64.99
3796,1901,944,161,2023-07-07,4,185.84
3797,1901,944,136,2023-07-07,1,497.99
3798,1901,944,39,2023-07-07,1,205.98
3799,1902,787,198,2024-12-07,5,383.28
3800,1902,787,108,2024-12-07,5,478.30
3801,1903,2,50,2024-05-07,2,430.77
3802,1903,2,28,2024-05-07,3,459.65
3803,1904,783,65,2024-03-11,3,126.38
3804,1904,783,151,2024-03-11,2,136.88
3805,1904,783,161,2024-03-11,4,185.84
3806,1905,863,145,2024-09-08,5,56.12
3807,1905,863,92,2024-09-08,1,419.61
3808,1905,863,98,2024-09-08,4,30.99
3809,1906,201,63,2025-06-30,3,235.13
3810,1906,201,12,2025-06-30,3,90.67
3811,1906,201,92,2025-06-30,4,419.61
3812,1907,546,127,2023-12-08,2,191.09
3813,1908,981,5,2024-07-29,1,123.08
3814,1908,981,27,2024-07-29,5,153.36
3815,1909,237,12,2024-02-25,2,90.67
3816,1910,423,190,2024-07-01,1,230.80
3817,1910,423,27,2024-07-01,5,153.36
3818,1911,736,57,2023-05-19,2,208.35
3819,1911,736,56,2023-05-19,3,357.49
3820,1912,38,3,2023-09-20,5,397.24
3821,1913,124,165,2023-10-15,5,279.46
3822,1913,124,116,2023-10-15,2,160.06
3823,1914,349,157,2023-08-31,1,195.28
3824,1915,825,154,2023-09-14,5,241.67
3825,1916,645,62,2025-02-18,1,75.32
3826,1916,645,122,2025-02-18,3,16.72
3827,1916,645,139,2025-02-18,2,248.39
3828,1917,776,187,2024-12-13,1,125.12
3829,1917,776,126,2024-12-13,2,47.75
3830,1917,776,106,2024-12-13,3,481.06
3831,1918,91,150,2024-05-30,2,466.77
3832,1919,285,110,2023-01-01,3,170.80
3833,1919,285,92,2023-01-01,4,419.61
3834,1919,285,143,2023-01-01,2,113.09
3835,1920,757,161,2023-04-10,5,185.84
3836,1921,684,50,2023-10-09,2,430.77
3837,1922,240,12,2025-01-25,2,90.67
3838,1923,848,51,2023-08-03,2,313.50
3839,1924,472,170,2023-03-04,4,368.98
3840,1924,472,58,2023-03-04,5,21.55
3841,1925,33,186,2023-05-01,2,454.04
3842,1926,643,195,2025-02-13,3,215.96
3843,1926,643,176,2025-02-13,4,483.44
3844,1927,705,41,2023-03-06,4,240.05
3845,1928,8,96,2023-06-25,1,31.88
3846,1928,8,137,2023-06-25,2,478.01
3847,1929,864,28,2024-03-06,1,459.65
3848,1929,864,196,2024-03-06,2,165.49
3849,1929,864,55,2024-03-06,1,291.07
3850,1930,426,112,2023-04-22,2,328.89
3851,1931,833,69,2023-06-20,5,237.08
3852,1931,833,183,2023-06-20,5,462.77
3853,1931,833,174,2023-06-20,5,397.40
3854,1932,921,85,2024-08-22,4,303.88
3855,1932,921,41,2024-08-22,5,240.05
3856,1932,921,137,2024-08-22,5,478.01
3857,1933,977,109,2024-04-04,2,307.18
3858,1934,857,114,2025-03-24,3,368.48
3859,1934,857,81,2025-03-24,3,426.46
3860,1934,857,156,2025-03-24,2,272.35
3861,1935,818,6,2025-03-01,2,276.22
3862,1935,818,104,2025-03-01,3,10.86
3863,1935,818,97,2025-03-01,5,378.95
3864,1936,950,149,2023-04-04,1,328.16
3865,1936,950,178,2023-04-04,2,172.16
3866,1937,236,180,2025-01-24,5,404.51
3867,1938,574,102,2024-05-05,5,239.91
3868,1939,756,35,2025-04-16,1,59.29
3869,1939,756,133,2025-04-16,2,132.37
3870,1939,756,138,2025-04-16,2,93.07
3871,1940,247,131,2023-02-21,5,321.19
3872,1941,906,62,2023-03-17,5,75.32
3873,1941,906,142,2023-03-17,1,76.21
3874,1941,906,87,2023-03-17,5,404.87
3875,1942,96,67,2023-09-23,3,308.44
3876,1942,96,141,2023-09-23,2,324.50
3877,1942,96,46,2023-09-23,1,325.94
3878,1943,503,53,2025-05-20,2,195.42
3879,1943,503,57,2025-05-20,1,208.35
3880,1944,152,114,2024-10-01,1,368.48
3881,1944,152,109,2024-10-01,5,307.18
3882,1944,152,21,2024-10-01,3,49.80
3883,1945,169,71,2024-11-28,3,213.39
3884,1945,169,8,2024-11-28,1,108.07
3885,1946,799,199,2023-01-28,1,171.06
3886,1947,32,83,2023-03-27,2,141.22
3887,1947,32,194,2023-03-27,5,36.23
3888,1947,32,21,2023-03-27,1,49.80
3889,1948,195,26,2024-05-07,4,101.84
3890,1948,195,138,2024-05-07,3,93.07
3891,1948,195,15,2024-05-07,5,166.05
3892,1949,737,91,2023-06-03,3,483.83
3893,1950,689,130,2023-04-28,3,331.93
3894,1950,689,193,2023-04-28,3,61.51
3895,1951,164,140,2023-03-29,2,307.09
3896,1951,164,154,2023-03-29,5,241.67
3897,1952,489,126,2023-10-22,5,47.75
3898,1952,489,197,2023-10-22,1,164.18
3899,1952,489,39,2023-10-22,2,205.98
3900,1953,514,11,2024-09-28,3,274.53
3901,1953,514,98,2024-09-28,4,30.99
3902,1954,520,120,2024-03-21,1,178.99
3903,1955,614,1,2023-02-20,3,205.80
3904,1956,387,163,2023-12-20,3,381.41
3905,1957,371,133,2025-01-11,3,132.37
3906,1958,154,97,2024-02-19,5,378.95
3907,1958,154,32,2024-02-19,2,424.57
3908,1958,154,106,2024-02-19,2,481.06
3909,1959,524,83,2023-08-22,3,141.22
3910,1959,524,170,2023-08-22,1,368.98
3911,1960,318,44,2025-04-21,5,147.78
3912,1960,318,97,2025-04-21,1,378.95
3913,1961,732,161,2023-02-10,4,185.84
3914,1961,732,14,2023-02-10,4,61.58
3915,1961,732,54,2023-02-10,2,96.96
3916,1962,617,158,2025-05-26,5,64.99
3917,1962,617,118,2025-05-26,5,10.91
3918,1963,806,198,2023-01-18,5,383.28
3919,1963,806,200,2023-01-18,5,140.57
3920,1964,129,16,2023-03-08,3,411.89
3921,1965,951,101,2023-05-06,3,192.99
3922,1966,128,143,2025-06-30,5,113.09
3923,1966,128,190,2025-06-30,1,230.80
3924,1966,128,67,2025-06-30,3,308.44
3925,1967,182,122,2024-07-14,4,16.72
3926,1967,182,64,2024-07-14,5,264.05
3927,1967,182,50,2024-07-14,4,430.77
3928,1968,783,136,2023-07-12,1,497.99
3929,1968,783,103,2023-07-12,3,267.56
3930,1968,783,63,2023-07-12,2,235.13
3931,1969,68,179,2023-05-25,4,205.72
3932,1969,68,159,2023-05-25,3,170.04
3933,1969,68,186,2023-05-25,2,454.04
3934,1970,586,172,2024-10-22,3,361.26
3935,1970,586,105,2024-10-22,3,194.08
3936,1970,586,41,2024-10-22,1,240.05
3937,1971,901,194,2024-03-05,2,36.23
3938,1972,740,136,2025-01-12,4,497.99
3939,1972,740,55,2025-01-12,1,291.07
3940,1973,984,65,2025-03-07,1,126.38
3941,1973,984,119,2025-03-07,1,265.00
3942,1974,299,100,2024-10-08,2,240.74
3943,1974,299,91,2024-10-08,3,483.83
3944,1975,888,11,2025-06-13,2,274.53
3945,1975,888,104,2025-06-13,2,10.86
3946,1976,692,88,2024-01-13,5,392.34
3947,1976,692,175,2024-01-13,2,252.33
3948,1976,692,76,2024-01-13,2,291.17
3949,1977,24,22,2024-11-15,4,444.18
3950,1977,24,97,2024-11-15,3,378.95
3951,1977,24,106,2024-11-15,3,481.06
3952,1978,526,136,2024-08-12,5,497.99
3953,1978,526,6,2024-08-12,2,276.22
3954,1979,112,62,2024-01-13,5,75.32
3955,1979,112,179,2024-01-13,5,205.72
3956,1979,112,133,2024-01-13,2,132.37
3957,1980,340,35,2025-01-12,4,59.29
3958,1980,340,157,2025-01-12,1,195.28
3959,1981,705,10,2023-12-15,3,285.76
3960,1981,705,176,2023-12-15,1,483.44
3961,1981,705,75,2023-12-15,2,35.39
3962,1982,939,54,2023-08-10,3,96.96
3963,1983,849,66,2024-06-22,5,343.61
3964,1984,905,32,2024-12-26,4,424.57
3965,1984,905,187,2024-12-26,2,125.12
3966,1985,826,24,2023-04-15,1,229.21
3967,1986,615,135,2024-04-10,4,194.48
3968,1986,615,185,2024-04-10,1,328.64
3969,1986,615,140,2024-04-10,1,307.09
3970,1987,1000,62,2023-07-23,5,75.32
3971,1987,1000,24,2023-07-23,2,229.21
3972,1987,1000,127,2023-07-23,2,191.09
3973,1988,415,83,2024-10-21,2,141.22
3974,1989,904,9,2024-02-21,1,393.23
3975,1990,941,157,2025-02-07,5,195.28
3976,1991,777,100,2023-12-02,1,240.74
3977,1991,777,119,2023-12-02,5,265.00
3978,1992,798,185,2024-07-19,5,328.64
3979,1992,798,3,2024-07-19,1,397.24
3980,1993,214,7,2025-04-20,1,194.98
3981,1994,110,200,2023-12-09,4,140.57
3982,1994,110,29,2023-12-09,5,360.30
3983,1994,110,33,2023-12-09,5,35.88
3984,1995,947,63,2023-01-14,4,235.13
3985,1995,947,86,2023-01-14,4,331.27
3986,1995,947,164,2023-01-14,4,325.65
3987,1996,747,153,2023-10-18,1,260.10
3988,1996,747,186,2023-10-18,4,454.04
3989,1997,904,175,2024-09-27,2,252.33
3990,1998,377,89,2024-09-16,2,245.02
3991,1998,377,15,2024-09-16,1,166.05
3992,1999,619,32,2023-03-14,5,424.57
3993,1999,619,164,2023-03-14,5,325.65
3994,2000,112,75,2024-07-06,2,35.39
3995,2000,112,60,2024-07-06,4,61.01
3996,2001,489,7,2023-12-18,5,194.98
3997,2001,489,36,2023-12-18,4,433.50
3998,2001,489,50,2023-12-18,2,430.77
3999,2002,162,156,2023-08-09,5,272.35
4000,2002,162,130,2023-08-09,2,331.93
4001,2002,162,19,2023-08-09,2,344.32
4002,2003,282,87,2023-12-10,4,404.87
4003,2003,282,20,2023-12-10,1,167.06
4004,2004,957,179,2023-02-07,3,205.72
4005,2004,957,34,2023-02-07,5,5.41
4006,2005,418,11,2025-02-04,3,274.53
4007,2005,418,162,2025-02-04,1,44.82
4008,2005,418,200,2025-02-04,3,140.57
4009,2006,505,110,2024-02-09,4,170.80
4010,2007,48,178,2024-06-15,1,172.16
4011,2007,48,30,2024-06-15,2,495.18
4012,2007,48,110,2024-06-15,1,170.80
4013,2008,967,15,2023-07-17,5,166.05
4014,2009,370,102,2024-02-04,5,239.91
4015,2010,838,196,2025-06-11,1,165.49
4016,2011,158,117,2024-12-02,1,338.03
4017,2011,158,83,2024-12-02,2,141.22
4018,2012,976,197,2023-06-29,2,164.18
4019,2013,920,92,2023-12-15,1,419.61
4020,2013,920,111,2023-12-15,5,402.14
4021,2014,188,147,2024-03-22,1,389.72
4022,2014,188,125,2024-03-22,4,355.49
4023,2014,188,109,2024-03-22,5,307.18
4024,2015,925,160,2023-05-27,2,203.29
4025,2015,925,135,2023-05-27,3,194.48
4026,2015,925,75,2023-05-27,1,35.39
4027,2016,248,142,2023-11-08,1,76.21
4028,2017,459,50,2025-03-09,3,430.77
4029,2017,459,77,2025-03-09,2,329.87
4030,2017,459,123,2025-03-09,5,33.15
4031,2018,916,35,2024-06-25,4,59.29
4032,2018,916,12,2024-06-25,2,90.67
4033,2018,916,60,2024-06-25,3,61.01
4034,2019,742,14,2023-05-08,1,61.58
4035,2019,742,171,2023-05-08,3,22.66
4036,2019,742,116,2023-05-08,1,160.06
4037,2020,842,130,2023-02-18,3,331.93
4038,2020,842,145,2023-02-18,5,56.12
4039,2020,842,182,2023-02-18,1,371.81
4040,2021,293,47,2024-08-10,1,362.05
4041,2021,293,183,2024-08-10,4,462.77
4042,2022,597,43,2025-04-06,4,420.77
4043,2022,597,194,2025-04-06,5,36.23
4044,2023,587,161,2024-09-30,4,185.84
4045,2023,587,197,2024-09-30,5,164.18
4046,2023,587,147,2024-09-30,4,389.72
4047,2024,304,142,2025-04-30,5,76.21
4048,2024,304,195,2025-04-30,5,215.96
4049,2024,304,191,2025-04-30,4,418.49
4050,2025,911,76,2024-06-18,2,291.17
4051,2026,803,149,2024-01-10,4,328.16
4052,2026,803,164,2024-01-10,5,325.65
4053,2026,803,64,2024-01-10,2,264.05
4054,2027,579,76,2023-04-16,1,291.17
4055,2027,579,198,2023-04-16,5,383.28
4056,2028,584,50,2024-09-25,2,430.77
4057,2028,584,49,2024-09-25,1,46.90
4058,2029,860,58,2025-03-10,3,21.55
4059,2030,795,104,2024-03-16,5,10.86
4060,2031,984,105,2023-02-26,5,194.08
4061,2031,984,180,2023-02-26,1,404.51
4062,2031,984,143,2023-02-26,4,113.09
4063,2032,408,31,2024-10-17,4,307.68
4064,2033,996,165,2023-02-01,4,279.46
4065,2033,996,45,2023-02-01,2,71.46
4066,2034,576,59,2025-01-11,5,286.22
4067,2034,576,156,2025-01-11,2,272.35
4068,2035,687,155,2024-11-09,3,422.79
4069,2035,687,167,2024-11-09,2,349.45
4070,2036,142,144,2024-11-04,1,456.73
4071,2036,142,73,2024-11-04,1,349.04
4072,2036,142,89,2024-11-04,4,245.02
4073,2037,121,178,2023-05-26,5,172.16
4074,2037,121,157,2023-05-26,4,195.28
4075,2037,121,88,2023-05-26,1,392.34
4076,2038,824,38,2025-05-19,4,314.47
4077,2038,824,152,2025-05-19,3,452.78
4078,2038,824,140,2025-05-19,2,307.09
4079,2039,677,24,2023-09-30,5,229.21
4080,2039,677,98,2023-09-30,5,30.99
4081,2040,353,162,2024-02-21,1,44.82
4082,2040,353,56,2024-02-21,1,357.49
4083,2041,494,110,2025-04-08,1,170.80
4084,2041,494,173,2025-04-08,2,247.16
4085,2041,494,197,2025-04-08,2,164.18
4086,2042,322,87,2024-08-08,1,404.87
4087,2042,322,65,2024-08-08,2,126.38
4088,2042,322,199,2024-08-08,3,171.06
4089,2043,555,62,2023-06-02,5,75.32
4090,2043,555,198,2023-06-02,3,383.28
4091,2044,279,11,2024-10-03,1,274.53
4092,2044,279,43,2024-10-03,4,420.77
4093,2044,279,193,2024-10-03,2,61.51
4094,2045,7,132,2024-11-14,4,385.82
4095,2046,401,100,2025-06-25,1,240.74
4096,2046,401,15,2025-06-25,1,166.05
4097,2046,401,196,2025-06-25,4,165.49
4098,2047,207,21,2023-03-18,2,49.80
4099,2047,207,157,2023-03-18,3,195.28
4100,2047,207,7,2023-03-18,1,194.98
4101,2048,385,15,2024-06-24,5,166.05
4102,2049,286,76,2023-03-24,5,291.17
4103,2049,286,19,2023-03-24,3,344.32
4104,2049,286,14,2023-03-24,4,61.58
4105,2050,793,162,2023-07-01,5,44.82
4106,2050,793,51,2023-07-01,5,313.50
4107,2051,658,161,2024-02-26,2,185.84
4108,2051,658,13,2024-02-26,3,370.98
4109,2052,653,70,2023-10-14,1,289.10
4110,2053,452,154,2024-03-29,3,241.67
4111,2053,452,101,2024-03-29,2,192.99
4112,2054,732,36,2024-04-04,4,433.50
4113,2055,688,153,2023-05-14,2,260.10
4114,2055,688,89,2023-05-14,1,245.02
4115,2056,818,191,2023-04-05,4,418.49
4116,2056,818,186,2023-04-05,4,454.04
4117,2056,818,99,2023-04-05,1,202.37
4118,2057,579,155,2024-12-17,1,422.79
4119,2058,24,135,2024-02-11,5,194.48
4120,2058,24,68,2024-02-11,1,269.83
4121,2059,204,117,2023-07-27,2,338.03
4122,2060,960,81,2023-05-16,3,426.46
4123,2061,953,52,2023-06-25,3,257.15
4124,2061,953,103,2023-06-25,1,267.56
4125,2061,953,120,2023-06-25,5,178.99
4126,2062,476,53,2023-01-11,2,195.42
4127,2063,105,155,2023-03-22,2,422.79
4128,2063,105,1,2023-03-22,4,205.80
4129,2063,105,29,2023-03-22,2,360.30
4130,2064,244,132,2025-04-24,3,385.82
4131,2064,244,34,2025-04-24,4,5.41
4132,2065,560,89,2024-08-10,4,245.02
4133,2065,560,32,2024-08-10,2,424.57
4134,2066,459,171,2023-03-18,5,22.66
4135,2067,315,152,2023-09-28,1,452.78
4136,2067,315,186,2023-09-28,2,454.04
4137,2068,331,37,2023-02-18,4,218.69
4138,2068,331,76,2023-02-18,5,291.17
4139,2068,331,12,2023-02-18,1,90.67
4140,2069,283,14,2023-10-19,2,61.58
4141,2069,283,116,2023-10-19,2,160.06
4142,2070,257,27,2025-05-01,4,153.36
4143,2070,257,121,2025-05-01,5,129.68
4144,2070,257,28,2025-05-01,2,459.65
4145,2071,759,128,2025-03-20,5,448.51
4146,2071,759,44,2025-03-20,2,147.78
4147,2072,15,42,2025-05-03,1,279.92
4148,2073,916,151,2025-04-20,5,136.88
4149,2073,916,47,2025-04-20,1,362.05
4150,2074,199,133,2023-09-25,4,132.37
4151,2074,199,44,2023-09-25,5,147.78
4152,2074,199,140,2023-09-25,3,307.09
4153,2075,850,188,2024-05-18,5,12.10
4154,2075,850,113,2024-05-18,2,233.24
4155,2075,850,195,2024-05-18,4,215.96
4156,2076,896,139,2025-04-22,2,248.39
4157,2077,869,46,2024-06-11,5,325.94
4158,2078,327,8,2024-02-23,3,108.07
4159,2078,327,59,2024-02-23,5,286.22
4160,2078,327,193,2024-02-23,4,61.51
4161,2079,24,180,2024-05-19,5,404.51
4162,2079,24,140,2024-05-19,4,307.09
4163,2079,24,104,2024-05-19,1,10.86
4164,2080,490,16,2024-12-17,4,411.89
4165,2080,490,128,2024-12-17,2,448.51
4166,2081,531,38,2025-03-09,1,314.47
4167,2081,531,94,2025-03-09,1,332.02
4168,2082,554,22,2023-05-28,2,444.18
4169,2082,554,47,2023-05-28,2,362.05
4170,2083,358,173,2023-12-02,2,247.16
4171,2083,358,23,2023-12-02,4,379.74
4172,2083,358,174,2023-12-02,3,397.40
4173,2084,796,139,2023-12-10,4,248.39
4174,2085,704,104,2023-09-29,5,10.86
4175,2086,751,134,2023-03-16,2,142.25
4176,2087,585,84,2023-05-23,5,12.02
4177,2088,993,194,2024-04-12,5,36.23
4178,2088,993,11,2024-04-12,5,274.53
4179,2089,548,175,2025-03-02,3,252.33
4180,2089,548,61,2025-03-02,4,481.05
4181,2089,548,160,2025-03-02,5,203.29
4182,2090,296,140,2025-03-13,1,307.09
4183,2090,296,41,2025-03-13,2,240.05
4184,2090,296,10,2025-03-13,3,285.76
4185,2091,975,178,2024-09-11,2,172.16
4186,2092,862,111,2024-07-09,5,402.14
4187,2092,862,184,2024-07-09,3,369.04
4188,2092,862,130,2024-07-09,3,331.93
4189,2093,134,156,2023-11-02,3,272.35
4190,2093,134,189,2023-11-02,5,452.80
4191,2093,134,132,2023-11-02,5,385.82
4192,2094,68,22,2024-10-24,3,444.18
4193,2094,68,89,2024-10-24,4,245.02
4194,2094,68,161,2024-10-24,5,185.84
4195,2095,469,193,2025-04-09,1,61.51
4196,2095,469,178,2025-04-09,4,172.16
4197,2095,469,24,2025-04-09,3,229.21
4198,2096,241,103,2024-07-11,4,267.56
4199,2097,490,139,2023-07-20,2,248.39
4200,2097,490,7,2023-07-20,5,194.98
4201,2098,282,200,2024-01-25,1,140.57
4202,2098,282,158,2024-01-25,1,64.99
4203,2099,643,119,2024-11-10,4,265.00
4204,2099,643,157,2024-11-10,5,195.28
4205,2099,643,127,2024-11-10,4,191.09
4206,2100,154,160,2025-05-27,5,203.29
4207,2100,154,112,2025-05-27,5,328.89
4208,2100,154,128,2025-05-27,2,448.51
4209,2101,328,148,2024-06-12,2,448.76
4210,2102,768,165,2023-02-09,5,279.46
4211,2102,768,82,2023-02-09,5,129.76
4212,2103,409,48,2024-10-20,2,330.66
4213,2104,54,69,2024-12-13,1,237.08
4214,2104,54,170,2024-12-13,3,368.98
4215,2105,391,159,2025-01-15,3,170.04
4216,2105,391,176,2025-01-15,4,483.44
4217,2106,40,173,2023-02-01,1,247.16
4218,2106,40,43,2023-02-01,3,420.77
4219,2106,40,139,2023-02-01,2,248.39
4220,2107,351,96,2025-05-22,3,31.88
4221,2107,351,65,2025-05-22,2,126.38
4222,2107,351,135,2025-05-22,4,194.48
4223,2108,608,51,2024-02-08,2,313.50
4224,2108,608,91,2024-02-08,5,483.83
4225,2109,191,64,2024-10-15,2,264.05
4226,2109,191,175,2024-10-15,5,252.33
4227,2110,590,69,2025-05-17,4,237.08
4228,2110,590,57,2025-05-17,2,208.35
4229,2110,590,140,2025-05-17,5,307.09
4230,2111,349,43,2024-02-19,3,420.77
4231,2112,701,84,2024-11-27,2,12.02
4232,2113,780,185,2023-12-12,4,328.64
4233,2113,780,46,2023-12-12,3,325.94
4234,2113,780,100,2023-12-12,2,240.74
4235,2114,176,151,2024-02-18,2,136.88
4236,2114,176,178,2024-02-18,2,172.16
4237,2114,176,88,2024-02-18,5,392.34
4238,2115,801,95,2024-12-03,1,109.36
4239,2115,801,58,2024-12-03,5,21.55
4240,2115,801,28,2024-12-03,5,459.65
4241,2116,401,94,2024-01-14,1,332.02
4242,2116,401,166,2024-01-14,4,332.05
4243,2116,401,133,2024-01-14,3,132.37
4244,2117,973,144,2025-05-20,3,456.73
4245,2117,973,5,2025-05-20,5,123.08
4246,2118,775,198,2024-05-14,3,383.28
4247,2118,775,67,2024-05-14,2,308.44
4248,2119,199,161,2023-11-10,5,185.84
4249,2120,899,132,2024-11-22,5,385.82
4250,2121,949,29,2025-05-02,4,360.30
4251,2122,496,13,2023-06-18,2,370.98
4252,2122,496,134,2023-06-18,3,142.25
4253,2122,496,149,2023-06-18,2,328.16
4254,2123,813,23,2023-02-08,3,379.74
4255,2123,813,54,2023-02-08,4,96.96
4256,2124,91,76,2023-11-30,4,291.17
4257,2124,91,28,2023-11-30,3,459.65
4258,2125,208,56,2023-04-20,2,357.49
4259,2125,208,94,2023-04-20,5,332.02
4260,2126,838,122,2024-03-05,5,16.72
4261,2127,244,110,2025-03-28,4,170.80
4262,2128,47,159,2023-01-17,3,170.04
4263,2128,47,39,2023-01-17,1,205.98
4264,2129,974,23,2025-02-27,1,379.74
4265,2129,974,199,2025-02-27,3,171.06
4266,2130,468,158,2024-01-28,5,64.99
4267,2131,713,135,2024-08-28,4,194.48
4268,2132,62,188,2024-09-11,2,12.10
4269,2132,62,194,2024-09-11,4,36.23
4270,2132,62,2,2024-09-11,3,166.30
4271,2133,133,132,2023-08-29,5,385.82
4272,2133,133,143,2023-08-29,3,113.09
4273,2134,167,36,2025-06-30,3,433.50
4274,2134,167,143,2025-06-30,4,113.09
4275,2135,60,198,2023-11-29,5,383.28
4276,2135,60,130,2023-11-29,4,331.93
4277,2136,552,72,2024-03-28,3,148.15
4278,2136,552,43,2024-03-28,2,420.77
4279,2137,724,131,2023-12-12,3,321.19
4280,2137,724,190,2023-12-12,3,230.80
4281,2138,648,188,2023-12-14,5,12.10
4282,2138,648,109,2023-12-14,3,307.18
4283,2138,648,82,2023-12-14,5,129.76
4284,2139,183,33,2024-05-29,3,35.88
4285,2139,183,158,2024-05-29,1,64.99
4286,2140,832,110,2024-12-10,3,170.80
4287,2141,140,2,2025-05-21,1,166.30
4288,2142,160,79,2025-03-31,3,146.96
4289,2143,236,166,2024-08-23,2,332.05
4290,2143,236,19,2024-08-23,2,344.32
4291,2143,236,34,2024-08-23,1,5.41
4292,2144,890,18,2023-11-21,2,39.45
4293,2144,890,2,2023-11-21,3,166.30
4294,2145,493,134,2023-02-04,2,142.25
4295,2145,493,163,2023-02-04,4,381.41
4296,2146,756,175,2023-07-06,1,252.33
4297,2146,756,73,2023-07-06,3,349.04
4298,2146,756,73,2023-07-06,5,349.04
4299,2147,632,99,2024-01-28,5,202.37
4300,2147,632,159,2024-01-28,4,170.04
4301,2147,632,37,2024-01-28,4,218.69
4302,2148,960,109,2023-08-16,4,307.18
4303,2148,960,164,2023-08-16,4,325.65
4304,2148,960,185,2023-08-16,3,328.64
4305,2149,424,192,2023-06-03,1,409.80
4306,2149,424,34,2023-06-03,3,5.41
4307,2149,424,132,2023-06-03,2,385.82
4308,2150,295,18,2023-08-03,5,39.45
4309,2150,295,56,2023-08-03,2,357.49
4310,2151,557,28,2025-04-07,2,459.65
4311,2151,557,49,2025-04-07,1,46.90
4312,2151,557,33,2025-04-07,2,35.88
4313,2152,147,166,2025-06-18,1,332.05
4314,2152,147,161,2025-06-18,3,185.84
4315,2152,147,160,2025-06-18,1,203.29
4316,2153,387,3,2025-01-26,1,397.24
4317,2154,251,68,2024-03-01,4,269.83
4318,2154,251,41,2024-03-01,2,240.05
4319,2154,251,184,2024-03-01,5,369.04
4320,2155,354,137,2023-01-25,2,478.01
4321,2155,354,197,2023-01-25,4,164.18
4322,2156,532,23,2024-12-24,4,379.74
4323,2156,532,46,2024-12-24,2,325.94
4324,2157,492,83,2024-04-20,3,141.22
4325,2157,492,192,2024-04-20,3,409.80
4326,2158,643,124,2023-09-30,2,475.48
4327,2158,643,98,2023-09-30,2,30.99
4328,2158,643,147,2023-09-30,1,389.72
4329,2159,146,24,2024-09-25,5,229.21
4330,2159,146,199,2024-09-25,4,171.06
4331,2160,922,142,2024-11-04,2,76.21
4332,2160,922,187,2024-11-04,1,125.12
4333,2161,55,47,2024-07-16,4,362.05
4334,2161,55,31,2024-07-16,4,307.68
4335,2162,65,176,2024-04-13,2,483.44
4336,2163,454,184,2025-03-17,2,369.04
4337,2164,672,48,2024-08-19,1,330.66
4338,2164,672,84,2024-08-19,2,12.02
4339,2164,672,45,2024-08-19,2,71.46
4340,2165,979,158,2024-08-03,2,64.99
4341,2165,979,190,2024-08-03,4,230.80
4342,2165,979,44,2024-08-03,1,147.78
4343,2166,438,84,2025-03-29,5,12.02
4344,2166,438,20,2025-03-29,3,167.06
4345,2166,438,61,2025-03-29,5,481.05
4346,2167,148,43,2023-08-31,3,420.77
4347,2167,148,168,2023-08-31,3,317.15
4348,2167,148,180,2023-08-31,2,404.51
4349,2168,877,53,2024-07-07,3,195.42
4350,2168,877,143,2024-07-07,3,113.09
4351,2168,877,69,2024-07-07,4,237.08
4352,2169,501,166,2025-01-12,4,332.05
4353,2170,762,127,2025-06-22,2,191.09
4354,2170,762,42,2025-06-22,4,279.92
4355,2170,762,75,2025-06-22,2,35.39
4356,2171,585,67,2023-12-07,3,308.44
4357,2172,831,128,2025-03-04,5,448.51
4358,2172,831,184,2025-03-04,1,369.04
4359,2172,831,47,2025-03-04,4,362.05
4360,2173,845,150,2025-05-18,4,466.77
4361,2173,845,1,2025-05-18,2,205.80
4362,2173,845,147,2025-05-18,2,389.72
4363,2174,72,15,2023-06-15,3,166.05
4364,2174,72,64,2023-06-15,5,264.05
4365,2175,778,128,2024-06-23,1,448.51
4366,2175,778,55,2024-06-23,4,291.07
4367,2176,917,84,2025-04-17,2,12.02
4368,2176,917,149,2025-04-17,5,328.16
4369,2176,917,133,2025-04-17,2,132.37
4370,2177,153,173,2023-01-29,1,247.16
4371,2178,813,102,2024-01-09,1,239.91
4372,2179,193,10,2023-06-27,1,285.76
4373,2179,193,68,2023-06-27,5,269.83
4374,2179,193,126,2023-06-27,5,47.75
4375,2180,907,133,2024-04-21,5,132.37
4376,2180,907,130,2024-04-21,5,331.93
4377,2180,907,113,2024-04-21,3,233.24
4378,2181,216,190,2024-12-10,3,230.80
4379,2181,216,171,2024-12-10,5,22.66
4380,2181,216,92,2024-12-10,2,419.61
4381,2182,653,101,2024-07-01,1,192.99
4382,2183,207,72,2023-01-18,3,148.15
4383,2184,945,166,2024-02-02,1,332.05
4384,2185,876,147,2025-03-24,3,389.72
4385,2185,876,29,2025-03-24,4,360.30
4386,2185,876,18,2025-03-24,3,39.45
4387,2186,977,187,2023-08-04,5,125.12
4388,2187,24,39,2025-03-08,5,205.98
4389,2188,798,151,2025-01-17,3,136.88
4390,2189,25,78,2023-04-05,2,405.39
4391,2189,25,123,2023-04-05,3,33.15
4392,2189,25,168,2023-04-05,5,317.15
4393,2190,59,51,2024-09-18,1,313.50
4394,2191,426,22,2024-04-26,2,444.18
4395,2191,426,176,2024-04-26,5,483.44
4396,2191,426,128,2024-04-26,1,448.51
4397,2192,991,38,2023-04-28,4,314.47
4398,2192,991,13,2023-04-28,2,370.98
4399,2192,991,188,2023-04-28,2,12.10
4400,2193,213,31,2023-06-11,4,307.68
4401,2194,478,170,2025-02-09,2,368.98
4402,2194,478,14,2025-02-09,1,61.58
4403,2195,790,173,2025-02-02,1,247.16
4404,2195,790,30,2025-02-02,1,495.18
4405,2195,790,98,2025-02-02,4,30.99
4406,2196,133,11,2023-07-05,1,274.53
4407,2197,739,115,2023-02-02,2,262.37
4408,2197,739,186,2023-02-02,3,454.04
4409,2197,739,170,2023-02-02,5,368.98
4410,2198,955,51,2023-09-12,5,313.50
4411,2198,955,192,2023-09-12,2,409.80
4412,2199,301,50,2024-08-08,4,430.77
4413,2200,346,138,2023-08-02,1,93.07
4414,2200,346,170,2023-08-02,2,368.98
4415,2201,667,171,2025-06-16,3,22.66
4416,2201,667,199,2025-06-16,5,171.06
4417,2202,154,73,2025-02-21,2,349.04
4418,2203,93,6,2023-10-19,5,276.22
4419,2204,405,135,2024-10-02,2,194.48
4420,2204,405,87,2024-10-02,1,404.87
4421,2204,405,148,2024-10-02,3,448.76
4422,2205,154,74,2024-09-02,4,364.84
4423,2206,18,152,2025-05-10,2,452.78
4424,2207,868,90,2024-01-11,4,174.70
4425,2207,868,17,2024-01-11,1,157.47
4426,2207,868,55,2024-01-11,5,291.07
4427,2208,354,200,2023-05-12,5,140.57
4428,2208,354,128,2023-05-12,1,448.51
4429,2208,354,199,2023-05-12,1,171.06
4430,2209,993,31,2024-04-09,2,307.68
4431,2210,196,92,2024-03-10,5,419.61
4432,2210,196,84,2024-03-10,5,12.02
4433,2211,397,196,2023-11-11,2,165.49
4434,2211,397,55,2023-11-11,1,291.07
4435,2212,965,191,2023-03-18,2,418.49
4436,2212,965,7,2023-03-18,2,194.98
4437,2213,953,109,2023-02-25,1,307.18
4438,2213,953,93,2023-02-25,5,386.32
4439,2214,491,143,2023-08-25,4,113.09
4440,2215,62,154,2023-06-20,5,241.67
4441,2215,62,16,2023-06-20,4,411.89
4442,2216,739,111,2023-03-29,4,402.14
4443,2216,739,152,2023-03-29,1,452.78
4444,2216,739,106,2023-03-29,2,481.06
4445,2217,130,73,2025-05-30,5,349.04
4446,2218,968,88,2023-04-20,3,392.34
4447,2218,968,67,2023-04-20,2,308.44
4448,2218,968,176,2023-04-20,1,483.44
4449,2219,719,74,2024-12-28,1,364.84
4450,2220,61,5,2023-05-08,5,123.08
4451,2221,930,128,2024-02-20,5,448.51
4452,2221,930,197,2024-02-20,4,164.18
4453,2222,434,79,2025-03-16,5,146.96
4454,2222,434,17,2025-03-16,3,157.47
4455,2223,605,200,2024-11-24,3,140.57
4456,2223,605,96,2024-11-24,3,31.88
4457,2224,864,64,2023-06-26,3,264.05
4458,2224,864,123,2023-06-26,1,33.15
4459,2225,857,65,2025-04-09,4,126.38
4460,2226,3,12,2023-04-24,5,90.67
4461,2226,3,16,2023-04-24,1,411.89
4462,2227,126,54,2023-02-09,1,96.96
4463,2227,126,189,2023-02-09,4,452.80
4464,2227,126,142,2023-02-09,2,76.21
4465,2228,461,71,2024-02-13,1,213.39
4466,2229,166,133,2024-03-09,1,132.37
4467,2229,166,140,2024-03-09,1,307.09
4468,2230,100,187,2025-04-11,3,125.12
4469,2230,100,115,2025-04-11,1,262.37
4470,2230,100,38,2025-04-11,5,314.47
4471,2231,890,28,2025-01-07,3,459.65
4472,2232,63,22,2024-04-19,2,444.18
4473,2232,63,131,2024-04-19,1,321.19
4474,2232,63,105,2024-04-19,4,194.08
4475,2233,253,119,2023-02-25,2,265.00
4476,2234,82,74,2023-02-18,3,364.84
4477,2234,82,136,2023-02-18,3,497.99
4478,2235,308,103,2023-07-24,2,267.56
4479,2235,308,30,2023-07-24,2,495.18
4480,2236,18,112,2024-08-01,2,328.89
4481,2237,545,136,2025-05-30,3,497.99
4482,2237,545,115,2025-05-30,4,262.37
4483,2238,440,65,2024-09-02,4,126.38
4484,2238,440,8,2024-09-02,2,108.07
4485,2238,440,31,2024-09-02,5,307.68
4486,2239,342,172,2023-07-23,2,361.26
4487,2240,413,113,2023-06-10,3,233.24
4488,2240,413,112,2023-06-10,4,328.89
4489,2240,413,112,2023-06-10,2,328.89
4490,2241,362,17,2024-08-22,5,157.47
4491,2242,851,180,2023-05-22,4,404.51
4492,2243,33,69,2023-02-28,4,237.08
4493,2244,436,80,2023-04-13,3,67.77
4494,2244,436,161,2023-04-13,5,185.84
4495,2245,774,30,2023-03-11,1,495.18
4496,2246,603,171,2024-05-12,4,22.66
4497,2246,603,32,2024-05-12,3,424.57
4498,2247,21,168,2025-02-05,3,317.15
4499,2248,242,197,2024-07-10,5,164.18
4500,2248,242,18,2024-07-10,5,39.45
4501,2248,242,194,2024-07-10,3,36.23
4502,2249,4,64,2023-11-19,1,264.05
4503,2249,4,82,2023-11-19,2,129.76
4504,2249,4,11,2023-11-19,3,274.53
4505,2250,624,10,2024-05-28,5,285.76
4506,2250,624,77,2024-05-28,5,329.87
4507,2250,624,128,2024-05-28,4,448.51
4508,2251,542,164,2024-05-19,2,325.65
4509,2251,542,166,2024-05-19,1,332.05
4510,2251,542,51,2024-05-19,4,313.50
4511,2252,450,31,2024-12-02,4,307.68
4512,2252,450,98,2024-12-02,5,30.99
4513,2252,450,143,2024-12-02,3,113.09
4514,2253,421,26,2024-01-27,2,101.84
4515,2254,497,13,2023-10-21,4,370.98
4516,2255,585,64,2023-09-30,2,264.05
4517,2255,585,45,2023-09-30,3,71.46
4518,2256,188,189,2023-08-04,5,452.80
4519,2256,188,172,2023-08-04,5,361.26
4520,2257,297,146,2024-08-19,1,39.84
4521,2257,297,157,2024-08-19,4,195.28
4522,2257,297,4,2024-08-19,1,203.39
4523,2258,843,43,2023-09-28,4,420.77
4524,2258,843,170,2023-09-28,2,368.98
4525,2258,843,7,2023-09-28,2,194.98
4526,2259,53,118,2024-06-11,5,10.91
4527,2259,53,44,2024-06-11,1,147.78
4528,2260,421,41,2023-02-26,1,240.05
4529,2261,823,161,2024-11-07,3,185.84
4530,2261,823,25,2024-11-07,5,198.03
4531,2261,823,22,2024-11-07,2,444.18
4532,2262,701,193,2024-12-19,5,61.51
4533,2262,701,147,2024-12-19,5,389.72
4534,2263,517,200,2025-06-25,5,140.57
4535,2263,517,115,2025-06-25,2,262.37
4536,2263,517,29,2025-06-25,1,360.30
4537,2264,986,188,2023-01-23,5,12.10
4538,2264,986,129,2023-01-23,5,130.39
4539,2265,951,131,2024-11-08,1,321.19
4540,2265,951,19,2024-11-08,5,344.32
4541,2266,916,78,2023-09-24,5,405.39
4542,2266,916,36,2023-09-24,2,433.50
4543,2267,463,92,2025-06-20,5,419.61
4544,2268,756,147,2023-08-27,4,389.72
4545,2268,756,130,2023-08-27,3,331.93
4546,2268,756,113,2023-08-27,1,233.24
4547,2269,177,7,2023-03-05,3,194.98
4548,2269,177,139,2023-03-05,1,248.39
4549,2269,177,108,2023-03-05,4,478.30
4550,2270,485,24,2024-11-13,2,229.21
4551,2270,485,49,2024-11-13,4,46.90
4552,2271,88,153,2023-11-03,4,260.10
4553,2271,88,24,2023-11-03,1,229.21
4554,2271,88,41,2023-11-03,5,240.05
4555,2272,691,152,2025-04-16,3,452.78
4556,2272,691,43,2025-04-16,5,420.77
4557,2273,434,130,2024-07-27,2,331.93
4558,2273,434,119,2024-07-27,4,265.00
4559,2273,434,149,2024-07-27,4,328.16
4560,2274,651,69,2023-02-21,1,237.08
4561,2274,651,151,2023-02-21,3,136.88
4562,2274,651,59,2023-02-21,1,286.22
4563,2275,927,23,2025-03-20,5,379.74
4564,2275,927,109,2025-03-20,1,307.18
4565,2276,438,127,2023-02-15,5,191.09
4566,2276,438,165,2023-02-15,2,279.46
4567,2277,500,173,2023-10-18,5,247.16
4568,2278,230,186,2023-12-08,4,454.04
4569,2278,230,91,2023-12-08,1,483.83
4570,2278,230,200,2023-12-08,4,140.57
4571,2279,818,169,2025-05-29,4,245.81
4572,2279,818,47,2025-05-29,3,362.05
4573,2279,818,164,2025-05-29,1,325.65
4574,2280,949,180,2024-03-07,3,404.51
4575,2280,949,157,2024-03-07,4,195.28
4576,2280,949,99,2024-03-07,5,202.37
4577,2281,738,157,2023-09-29,4,195.28
4578,2282,273,131,2024-04-08,3,321.19
4579,2283,67,3,2024-03-30,2,397.24
4580,2284,347,99,2023-04-15,2,202.37
4581,2284,347,41,2023-04-15,3,240.05
4582,2284,347,149,2023-04-15,2,328.16
4583,2285,417,139,2023-10-09,5,248.39
4584,2285,417,33,2023-10-09,1,35.88
4585,2285,417,129,2023-10-09,5,130.39
4586,2286,273,103,2024-07-01,5,267.56
4587,2287,514,158,2023-08-22,1,64.99
4588,2287,514,112,2023-08-22,2,328.89
4589,2287,514,67,2023-08-22,4,308.44
4590,2288,155,135,2025-02-09,4,194.48
4591,2288,155,155,2025-02-09,5,422.79
4592,2289,436,160,2023-01-23,1,203.29
4593,2290,308,55,2023-03-17,1,291.07
4594,2291,918,186,2025-02-13,2,454.04
4595,2291,918,92,2025-02-13,5,419.61
4596,2291,918,164,2025-02-13,2,325.65
4597,2292,732,28,2024-02-22,2,459.65
4598,2293,487,105,2025-01-06,1,194.08
4599,2294,192,12,2023-09-12,3,90.67
4600,2294,192,83,2023-09-12,5,141.22
4601,2295,97,86,2024-02-15,1,331.27
4602,2295,97,43,2024-02-15,3,420.77
4603,2295,97,72,2024-02-15,3,148.15
4604,2296,149,32,2023-09-26,5,424.57
4605,2296,149,25,2023-09-26,4,198.03
4606,2297,666,50,2023-02-02,3,430.77
4607,2297,666,71,2023-02-02,1,213.39
4608,2298,427,17,2024-02-16,4,157.47
4609,2298,427,194,2024-02-16,4,36.23
4610,2298,427,192,2024-02-16,1,409.80
4611,2299,130,67,2024-12-17,5,308.44
4612,2299,130,138,2024-12-17,5,93.07
4613,2299,130,193,2024-12-17,5,61.51
4614,2300,43,139,2024-07-13,1,248.39
4615,2300,43,103,2024-07-13,4,267.56
4616,2300,43,142,2024-07-13,2,76.21
4617,2301,279,114,2023-03-23,3,368.48
4618,2302,530,27,2025-05-18,2,153.36
4619,2302,530,84,2025-05-18,5,12.02
4620,2303,942,161,2024-02-08,4,185.84
4621,2304,560,158,2024-03-08,5,64.99
4622,2304,560,159,2024-03-08,2,170.04
4623,2305,999,102,2024-08-18,5,239.91
4624,2305,999,141,2024-08-18,4,324.50
4625,2305,999,80,2024-08-18,5,67.77
4626,2306,581,177,2023-11-16,1,23.33
4627,2306,581,84,2023-11-16,3,12.02
4628,2307,268,169,2023-11-18,1,245.81
4629,2307,268,29,2023-11-18,1,360.30
4630,2307,268,158,2023-11-18,2,64.99
4631,2308,614,47,2024-11-26,1,362.05
4632,2308,614,176,2024-11-26,4,483.44
4633,2308,614,93,2024-11-26,2,386.32
4634,2309,952,178,2024-01-26,1,172.16
4635,2309,952,90,2024-01-26,1,174.70
4636,2309,952,19,2024-01-26,4,344.32
4637,2310,433,187,2024-11-30,1,125.12
4638,2311,853,138,2024-09-02,5,93.07
4639,2312,213,81,2024-03-07,2,426.46
4640,2312,213,106,2024-03-07,2,481.06
4641,2313,528,67,2024-08-16,3,308.44
4642,2314,614,98,2023-02-27,4,30.99
4643,2314,614,2,2023-02-27,1,166.30
4644,2315,609,167,2024-11-02,5,349.45
4645,2316,827,77,2023-05-20,5,329.87
4646,2316,827,149,2023-05-20,3,328.16
4647,2317,49,97,2023-10-28,4,378.95
4648,2318,886,190,2023-10-08,5,230.80
4649,2318,886,158,2023-10-08,4,64.99
4650,2318,886,111,2023-10-08,4,402.14
4651,2319,52,112,2023-12-01,3,328.89
4652,2319,52,42,2023-12-01,1,279.92
4653,2320,323,94,2024-03-09,4,332.02
4654,2320,323,194,2024-03-09,4,36.23
4655,2321,551,147,2023-01-30,4,389.72
4656,2321,551,79,2023-01-30,3,146.96
4657,2322,197,130,2025-03-11,5,331.93
4658,2323,436,63,2023-05-14,3,235.13
4659,2324,819,98,2024-02-19,2,30.99
4660,2324,819,163,2024-02-19,2,381.41
4661,2325,345,75,2024-12-18,1,35.39
4662,2325,345,28,2024-12-18,4,459.65
4663,2326,343,156,2024-09-10,3,272.35
4664,2326,343,59,2024-09-10,1,286.22
4665,2326,343,3,2024-09-10,4,397.24
4666,2327,877,31,2023-07-11,2,307.68
4667,2328,302,196,2023-07-05,4,165.49
4668,2329,988,123,2025-06-21,4,33.15
4669,2329,988,80,2025-06-21,4,67.77
4670,2330,783,157,2023-11-20,1,195.28
4671,2331,29,21,2023-04-17,2,49.80
4672,2331,29,72,2023-04-17,1,148.15
4673,2332,382,129,2025-05-22,3,130.39
4674,2333,817,164,2024-06-13,4,325.65
4675,2333,817,16,2024-06-13,1,411.89
4676,2333,817,195,2024-06-13,5,215.96
4677,2334,111,151,2024-04-30,5,136.88
4678,2335,493,127,2024-12-29,5,191.09
4679,2335,493,33,2024-12-29,2,35.88
4680,2336,178,153,2024-08-14,3,260.10
4681,2337,954,4,2025-03-15,3,203.39
4682,2337,954,115,2025-03-15,2,262.37
4683,2338,419,68,2025-03-22,2,269.83
4684,2338,419,164,2025-03-22,4,325.65
4685,2338,419,20,2025-03-22,2,167.06
4686,2339,114,14,2023-06-18,2,61.58
4687,2339,114,136,2023-06-18,3,497.99
4688,2339,114,59,2023-06-18,4,286.22
4689,2340,234,89,2024-03-16,5,245.02
4690,2340,234,187,2024-03-16,4,125.12
4691,2341,50,142,2024-04-17,3,76.21
4692,2341,50,163,2024-04-17,2,381.41
4693,2341,50,95,2024-04-17,3,109.36
4694,2342,180,33,2023-11-14,1,35.88
4695,2342,180,172,2023-11-14,5,361.26
4696,2342,180,178,2023-11-14,2,172.16
4697,2343,333,65,2025-06-18,3,126.38
4698,2343,333,193,2025-06-18,3,61.51
4699,2343,333,13,2025-06-18,1,370.98
4700,2344,968,66,2024-03-15,3,343.61
4701,2344,968,168,2024-03-15,3,317.15
4702,2344,968,74,2024-03-15,4,364.84
4703,2345,758,51,2023-05-30,1,313.50
4704,2345,758,29,2023-05-30,2,360.30
4705,2346,158,115,2024-12-31,3,262.37
4706,2347,630,189,2025-02-22,4,452.80
4707,2347,630,175,2025-02-22,5,252.33
4708,2347,630,188,2025-02-22,1,12.10
4709,2348,449,102,2025-03-03,2,239.91
4710,2348,449,63,2025-03-03,3,235.13
4711,2349,657,191,2024-11-25,2,418.49
4712,2349,657,126,2024-11-25,2,47.75
4713,2349,657,8,2024-11-25,2,108.07
4714,2350,552,176,2024-01-24,2,483.44
4715,2350,552,19,2024-01-24,4,344.32
4716,2350,552,91,2024-01-24,1,483.83
4717,2351,556,18,2023-03-04,5,39.45
4718,2351,556,100,2023-03-04,2,240.74
4719,2351,556,11,2023-03-04,3,274.53
4720,2352,732,50,2024-10-12,1,430.77
4721,2352,732,99,2024-10-12,5,202.37
4722,2353,333,140,2025-01-06,5,307.09
4723,2354,274,59,2024-10-01,3,286.22
4724,2355,903,4,2023-11-09,1,203.39
4725,2356,807,190,2024-10-11,1,230.80
4726,2356,807,132,2024-10-11,1,385.82
4727,2356,807,184,2024-10-11,4,369.04
4728,2357,486,74,2024-06-01,5,364.84
4729,2357,486,18,2024-06-01,4,39.45
4730,2358,177,66,2023-10-13,3,343.61
4731,2358,177,172,2023-10-13,3,361.26
4732,2359,269,14,2024-03-13,5,61.58
4733,2359,269,54,2024-03-13,5,96.96
4734,2360,705,122,2023-03-09,5,16.72
4735,2360,705,159,2023-03-09,2,170.04
4736,2361,722,142,2025-03-14,1,76.21
4737,2361,722,4,2025-03-14,3,203.39
4738,2362,660,32,2024-09-02,2,424.57
4739,2363,468,132,2024-05-29,3,385.82
4740,2363,468,138,2024-05-29,4,93.07
4741,2363,468,160,2024-05-29,5,203.29
4742,2364,436,136,2024-08-23,5,497.99
4743,2364,436,199,2024-08-23,2,171.06
4744,2364,436,196,2024-08-23,5,165.49
4745,2365,314,124,2023-11-19,5,475.48
4746,2366,137,123,2025-05-07,1,33.15
4747,2366,137,71,2025-05-07,4,213.39
4748,2366,137,175,2025-05-07,2,252.33
4749,2367,386,10,2023-08-27,1,285.76
4750,2367,386,187,2023-08-27,5,125.12
4751,2368,766,182,2024-01-26,3,371.81
4752,2368,766,45,2024-01-26,3,71.46
4753,2368,766,34,2024-01-26,2,5.41
4754,2369,665,152,2023-08-20,4,452.78
4755,2369,665,42,2023-08-20,5,279.92
4756,2369,665,61,2023-08-20,2,481.05
4757,2370,812,39,2023-04-16,1,205.98
4758,2370,812,166,2023-04-16,5,332.05
4759,2370,812,128,2023-04-16,1,448.51
4760,2371,943,41,2025-04-16,5,240.05
4761,2371,943,54,2025-04-16,2,96.96
4762,2372,888,13,2024-06-11,5,370.98
4763,2372,888,143,2024-06-11,2,113.09
4764,2372,888,43,2024-06-11,2,420.77
4765,2373,46,30,2025-04-15,1,495.18
4766,2374,236,1,2023-06-29,1,205.80
4767,2375,709,99,2024-06-18,4,202.37
4768,2376,389,12,2023-04-28,1,90.67
4769,2376,389,131,2023-04-28,5,321.19
4770,2377,889,174,2024-07-25,4,397.40
4771,2377,889,184,2024-07-25,4,369.04
4772,2377,889,32,2024-07-25,1,424.57
4773,2378,86,76,2025-04-17,2,291.17
4774,2378,86,96,2025-04-17,4,31.88
4775,2378,86,24,2025-04-17,3,229.21
4776,2379,940,61,2025-01-11,5,481.05
4777,2380,951,167,2023-11-23,2,349.45
4778,2380,951,165,2023-11-23,1,279.46
4779,2381,523,13,2025-02-12,4,370.98
4780,2381,523,71,2025-02-12,4,213.39
4781,2381,523,193,2025-02-12,5,61.51
4782,2382,142,81,2023-07-19,3,426.46
4783,2382,142,105,2023-07-19,5,194.08
4784,2382,142,81,2023-07-19,1,426.46
4785,2383,4,188,2023-07-23,1,12.10
4786,2384,856,104,2025-02-08,2,10.86
4787,2384,856,1,2025-02-08,3,205.80
4788,2385,967,191,2023-12-04,5,418.49
4789,2385,967,98,2023-12-04,4,30.99
4790,2386,340,177,2023-01-21,1,23.33
4791,2387,444,100,2024-11-15,4,240.74
4792,2387,444,69,2024-11-15,1,237.08
4793,2388,14,101,2024-10-24,3,192.99
4794,2389,889,182,2023-03-30,1,371.81
4795,2389,889,181,2023-03-30,2,470.33
4796,2390,2,115,2025-04-07,5,262.37
4797,2390,2,83,2025-04-07,1,141.22
4798,2391,629,152,2025-04-17,3,452.78
4799,2391,629,198,2025-04-17,5,383.28
4800,2392,43,158,2024-06-19,1,64.99
4801,2392,43,95,2024-06-19,5,109.36
4802,2393,441,141,2024-03-05,2,324.50
4803,2394,568,97,2023-05-25,5,378.95
4804,2394,568,186,2023-05-25,5,454.04
4805,2395,637,41,2024-02-19,4,240.05
4806,2395,637,156,2024-02-19,4,272.35
4807,2395,637,4,2024-02-19,5,203.39
4808,2396,553,143,2024-03-19,5,113.09
4809,2397,920,145,2024-10-12,1,56.12
4810,2397,920,121,2024-10-12,5,129.68
4811,2397,920,175,2024-10-12,4,252.33
4812,2398,75,8,2024-01-08,3,108.07
4813,2398,75,152,2024-01-08,4,452.78
4814,2398,75,47,2024-01-08,3,362.05
4815,2399,865,146,2023-03-21,4,39.84
4816,2399,865,97,2023-03-21,1,378.95
4817,2400,609,33,2023-08-31,1,35.88
4818,2400,609,23,2023-08-31,2,379.74
4819,2400,609,111,2023-08-31,3,402.14
4820,2401,870,134,2024-10-08,5,142.25
4821,2401,870,144,2024-10-08,2,456.73
4822,2402,16,21,2023-11-06,5,49.80
4823,2402,16,2,2023-11-06,5,166.30
4824,2403,957,19,2023-05-23,4,344.32
4825,2403,957,93,2023-05-23,3,386.32
4826,2404,322,118,2023-05-01,4,10.91
4827,2404,322,117,2023-05-01,3,338.03
4828,2404,322,181,2023-05-01,1,470.33
4829,2405,766,125,2023-05-22,3,355.49
4830,2405,766,99,2023-05-22,5,202.37
4831,2405,766,48,2023-05-22,1,330.66
4832,2406,555,166,2024-11-20,5,332.05
4833,2407,288,156,2023-04-05,5,272.35
4834,2408,963,112,2023-05-22,3,328.89
4835,2408,963,46,2023-05-22,2,325.94
4836,2409,618,86,2024-05-03,5,331.27
4837,2410,77,14,2024-04-05,3,61.58
4838,2410,77,185,2024-04-05,3,328.64
4839,2410,77,69,2024-04-05,2,237.08
4840,2411,844,89,2024-07-20,3,245.02
4841,2412,498,12,2025-05-03,3,90.67
4842,2412,498,112,2025-05-03,5,328.89
4843,2413,3,148,2025-05-15,2,448.76
4844,2414,865,94,2025-06-09,4,332.02
4845,2415,728,5,2024-08-11,1,123.08
4846,2416,648,57,2024-02-13,3,208.35
4847,2417,282,118,2023-02-24,2,10.91
4848,2417,282,55,2023-02-24,2,291.07
4849,2418,868,121,2025-06-04,2,129.68
4850,2418,868,129,2025-06-04,2,130.39
4851,2419,626,185,2023-12-02,3,328.64
4852,2419,626,2,2023-12-02,1,166.30
4853,2419,626,23,2023-12-02,4,379.74
4854,2420,668,133,2025-04-16,2,132.37
4855,2420,668,42,2025-04-16,3,279.92
4856,2420,668,184,2025-04-16,4,369.04
4857,2421,93,108,2023-05-20,1,478.30
4858,2422,965,198,2024-07-09,3,383.28
4859,2422,965,2,2024-07-09,4,166.30
4860,2423,61,90,2025-03-16,5,174.70
4861,2424,715,16,2025-02-10,1,411.89
4862,2424,715,30,2025-02-10,5,495.18
4863,2424,715,96,2025-02-10,1,31.88
4864,2425,183,119,2025-05-14,1,265.00
4865,2425,183,169,2025-05-14,1,245.81
4866,2425,183,81,2025-05-14,2,426.46
4867,2426,83,12,2025-02-04,3,90.67
4868,2426,83,59,2025-02-04,4,286.22
4869,2427,841,35,2024-08-06,2,59.29
4870,2428,34,19,2024-04-18,4,344.32
4871,2429,322,4,2024-11-27,1,203.39
4872,2429,322,124,2024-11-27,3,475.48
4873,2429,322,180,2024-11-27,1,404.51
4874,2430,588,80,2025-03-15,5,67.77
4875,2430,588,183,2025-03-15,3,462.77
4876,2430,588,179,2025-03-15,3,205.72
4877,2431,831,37,2024-10-23,5,218.69
4878,2432,480,152,2024-02-28,5,452.78
4879,2432,480,147,2024-02-28,2,389.72
4880,2432,480,106,2024-02-28,3,481.06
4881,2433,610,72,2023-09-21,4,148.15
4882,2434,424,188,2025-05-06,1,12.10
4883,2435,813,132,2025-01-08,2,385.82
4884,2435,813,122,2025-01-08,2,16.72
4885,2435,813,80,2025-01-08,5,67.77
4886,2436,219,186,2025-02-28,1,454.04
4887,2437,265,12,2023-12-07,2,90.67
4888,2438,794,170,2024-07-28,5,368.98
4889,2438,794,104,2024-07-28,2,10.86
4890,2439,188,120,2023-03-12,3,178.99
4891,2439,188,55,2023-03-12,3,291.07
4892,2439,188,113,2023-03-12,3,233.24
4893,2440,783,62,2025-06-21,3,75.32
4894,2440,783,39,2025-06-21,4,205.98
4895,2440,783,136,2025-06-21,1,497.99
4896,2441,883,140,2023-10-07,4,307.09
4897,2441,883,10,2023-10-07,4,285.76
4898,2442,199,141,2024-08-25,2,324.50
4899,2442,199,184,2024-08-25,3,369.04
4900,2443,954,129,2024-07-08,2,130.39
4901,2443,954,141,2024-07-08,3,324.50
4902,2444,326,59,2025-03-30,4,286.22
4903,2445,993,77,2025-05-20,4,329.87
4904,2445,993,36,2025-05-20,5,433.50
4905,2445,993,13,2025-05-20,3,370.98
4906,2446,55,114,2024-04-01,3,368.48
4907,2446,55,181,2024-04-01,1,470.33
4908,2447,369,159,2024-04-04,3,170.04
4909,2447,369,91,2024-04-04,1,483.83
4910,2448,984,41,2024-02-11,2,240.05
4911,2448,984,145,2024-02-11,2,56.12
4912,2449,845,153,2023-01-10,1,260.10
4913,2449,845,139,2023-01-10,3,248.39
4914,2449,845,197,2023-01-10,3,164.18
4915,2450,44,162,2024-05-20,3,44.82
4916,2451,29,154,2024-11-13,1,241.67
4917,2451,29,60,2024-11-13,1,61.01
4918,2451,29,22,2024-11-13,1,444.18
4919,2452,798,100,2024-06-03,1,240.74
4920,2452,798,154,2024-06-03,1,241.67
4921,2453,337,76,2025-04-04,4,291.17
4922,2454,399,176,2023-02-25,2,483.44
4923,2454,399,44,2023-02-25,1,147.78
4924,2454,399,104,2023-02-25,5,10.86
4925,2455,942,81,2023-08-28,3,426.46
4926,2455,942,179,2023-08-28,1,205.72
4927,2456,182,22,2023-01-01,2,444.18
4928,2456,182,47,2023-01-01,4,362.05
4929,2456,182,81,2023-01-01,5,426.46
4930,2457,893,3,2023-03-02,2,397.24
4931,2457,893,107,2023-03-02,1,53.19
4932,2458,328,87,2023-04-24,2,404.87
4933,2459,953,89,2023-07-07,5,245.02
4934,2459,953,67,2023-07-07,4,308.44
4935,2459,953,163,2023-07-07,5,381.41
4936,2460,33,73,2024-03-24,1,349.04
4937,2460,33,127,2024-03-24,1,191.09
4938,2461,722,34,2023-07-15,4,5.41
4939,2461,722,153,2023-07-15,5,260.10
4940,2462,954,182,2023-12-29,5,371.81
4941,2463,375,8,2024-10-21,2,108.07
4942,2463,375,171,2024-10-21,1,22.66
4943,2463,375,13,2024-10-21,1,370.98
4944,2464,295,160,2024-11-24,2,203.29
4945,2464,295,78,2024-11-24,1,405.39
4946,2465,707,31,2024-08-15,1,307.68
4947,2466,357,9,2023-05-10,2,393.23
4948,2466,357,110,2023-05-10,1,170.80
4949,2467,627,195,2024-12-16,3,215.96
4950,2467,627,17,2024-12-16,1,157.47
4951,2467,627,139,2024-12-16,3,248.39
4952,2468,629,57,2023-04-07,3,208.35
4953,2468,629,158,2023-04-07,5,64.99
4954,2468,629,45,2023-04-07,5,71.46
4955,2469,355,193,2025-02-17,2,61.51
4956,2469,355,96,2025-02-17,5,31.88
4957,2470,151,93,2023-02-16,4,386.32
4958,2470,151,19,2023-02-16,1,344.32
4959,2471,418,146,2024-05-13,5,39.84
4960,2472,660,102,2023-01-20,5,239.91
4961,2473,966,141,2025-04-24,1,324.50
4962,2473,966,19,2025-04-24,5,344.32
4963,2474,735,123,2024-03-25,3,33.15
4964,2474,735,12,2024-03-25,2,90.67
4965,2475,513,178,2023-10-01,2,172.16
4966,2475,513,184,2023-10-01,2,369.04
4967,2476,199,74,2024-08-06,3,364.84
4968,2476,199,149,2024-08-06,3,328.16
4969,2476,199,58,2024-08-06,1,21.55
4970,2477,403,118,2024-05-17,4,10.91
4971,2478,343,3,2023-12-02,2,397.24
4972,2479,649,3,2023-12-23,1,397.24
4973,2480,218,81,2024-01-24,3,426.46
4974,2480,218,34,2024-01-24,4,5.41
4975,2481,293,118,2023-04-19,5,10.91
4976,2482,189,16,2024-08-19,2,411.89
4977,2482,189,170,2024-08-19,5,368.98
4978,2483,798,57,2023-06-03,2,208.35
4979,2483,798,79,2023-06-03,3,146.96
4980,2483,798,25,2023-06-03,1,198.03
4981,2484,755,9,2025-03-17,5,393.23
4982,2485,659,174,2024-03-07,1,397.40
4983,2486,251,164,2023-01-06,5,325.65
4984,2486,251,143,2023-01-06,4,113.09
4985,2487,260,4,2023-09-06,2,203.39
4986,2487,260,30,2023-09-06,1,495.18
4987,2487,260,99,2023-09-06,4,202.37
4988,2488,226,35,2025-03-24,5,59.29
4989,2488,226,2,2025-03-24,3,166.30
4990,2489,343,86,2024-04-12,5,331.27
4991,2489,343,143,2024-04-12,5,113.09
4992,2489,343,116,2024-04-12,3,160.06
4993,2490,882,23,2023-07-10,2,379.74
4994,2490,882,152,2023-07-10,5,452.78
4995,2490,882,198,2023-07-10,4,383.28
4996,2491,172,12,2024-02-09,2,90.67
4997,2491,172,62,2024-02-09,4,75.32
4998,2492,824,46,2025-06-22,1,325.94
4999,2492,824,178,2025-06-22,2,172.16
5000,2492,824,118,2025-06-22,3,10.91
5001,2493,9999991,1,2024-05-01,1,205.80
5002,2494,9999991,1,2024-05-01,1,205.80
5003,2495,9999991,1,2024-05-01,1,205.80
5004,2496,9999991,1,2024-05-01,1,205.80
5005,2497,9999991,1,2024-05-01,1,205.80
5006,2498,9999991,1,2024-05-01,1,205.80
5007,2499,9999991,1,2024-05-01,1,205.80
5008,2500,9999991,1,2024-05-01,1,205.80
5009,2501,9999991,1,2024-05-01,1,205.80
5010,2502,9999991,1,2024-05-01,1,205.80
5011,2503,9999991,1,2024-05-01,1,205.80
5012,2504,9999991,1,2024-05-01,1,205.80
5013,2505,9999991,1,2024-05-01,1,205.80
5014,2506,9999991,1,2024-05-01,1,205.80
5015,2507,9999991,1,2024-05-01,1,205.80
5016,2508,9999991,1,2024-05-01,1,205.80
5017,2509,9999991,1,2024-05-01,1,205.80
5018,2510,9999991,1,2024-05-01,1,205.80
5019,2511,9999991,1,2024-05-01,1,205.80
5020,2512,9999991,1,2024-05-01,1,205.80
5021,2513,9999991,1,2024-05-01,1,205.80
5022,2514,9999991,1,2024-05-01,1,205.80
5023,2515,9999991,1,2024-05-01,1,205.80
5024,2516,9999991,1,2024-05-01,1,205.80
5025,2517,9999991,1,2024-05-01,1,205.80
5026,2518,1,9999992,2024-05-02,1,205.80
5027,2519,1,9999992,2024-05-02,1,205.80
5028,2520,1,9999992,2024-05-02,1,205.80
5029,2521,1,9999992,2024-05-02,1,205.80
5030,2522,1,9999992,2024-05-02,1,205.80
5031,2523,1,9999992,2024-05-02,1,205.80
5032,2524,1,9999992,2024-05-02,1,205.80
5033,2525,1,9999992,2024-05-02,1,205.80
5034,2526,1,9999992,2024-05-02,1,205.80
5035,2527,1,9999992,2024-05-02,1,205.80
5036,2528,1,9999992,2024-05-02,1,205.80
5037,2529,1,9999992,2024-05-02,1,205.80
5038,2530,1,9999992,2024-05-02,1,205.80
5039,2531,1,9999992,2024-05-02,1,205.80
5040,2532,1,9999992,2024-05-02,1,205.80
5041,2533,1,9999992,2024-05-02,1,205.80
5042,2534,1,9999992,2024-05-02,1,205.80
5043,2535,1,9999992,2024-05-02,1,205.80
5044,2536,1,9999992,2024-05-02,1,205.80
5045,2537,1,9999992,2024-05-02,1,205.80
5046,2538,1,9999992,2024-05-02,1,205.80
5047,2539,1,9999992,2024-05-02,1,205.80
5048,2540,1,9999992,2024-05-02,1,205.80
5049,2541,1,9999992,2024-05-02,1,205.80
5050,2542,1,9999992,2024-05-02,1,205.80
5051,2543,1,1,31/13/2024,2,205.80
5052,2544,1,1,31/13/2024,2,205.80
5053,2545,1,1,31/13/2024,2,205.80
5054,2546,1,1,31/13/2024,2,205.80
5055,2547,1,1,31/13/2024,2,205.80
5056,2548,1,1,31/13/2024,2,205.80
5057,2549,1,1,31/13/2024,2,205.80
5058,2550,1,1,31/13/2024,2,205.80
5059,2551,1,1,31/13/2024,2,205.80
5060,2552,1,1,31/13/2024,2,205.80
5061,2553,1,1,31/13/2024,2,205.80
5062,2554,1,1,31/13/2024,2,205.80
5063,2555,1,1,31/13/2024,2,205.80
5064,2556,1,1,31/13/2024,2,205.80
5065,2557,1,1,31/13/2024,2,205.80
5066,2558,1,1,31/13/2024,2,205.80
5067,2559,1,1,31/13/2024,2,205.80
5068,2560,1,1,31/13/2024,2,205.80
5069,2561,1,1,31/13/2024,2,205.80
5070,2562,1,1,31/13/2024,2,205.80
5071,2563,1,1,31/13/2024,2,205.80
5072,2564,1,1,31/13/2024,2,205.80
5073,2565,1,1,31/13/2024,2,205.80
5074,2566,1,1,31/13/2024,2,205.80
5075,2567,1,1,31/13/2024,2,205.80
5076,2568,1,1,31/13/2024,2,205.80
5077,2569,1,1,31/13/2024,2,205.80
5078,2570,1,1,31/13/2024,2,205.80
5079,2571,1,1,31/13/2024,2,205.80
5080,2572,1,1,31/13/2024,2,205.80
5081,2573,1,1,2026-09-25,1,205.80
5082,2574,1,1,2026-09-06,1,205.80
5083,2575,1,1,2026-12-09,1,205.80
5084,2576,1,1,2026-12-07,1,205.80
5085,2577,1,1,2026-09-17,1,205.80
5086,2578,1,1,2026-11-04,1,205.80
5087,2579,1,1,2026-09-12,1,205.80
5088,2580,1,1,2026-10-24,1,205.80
5089,2581,1,1,2026-10-13,1,205.80
5090,2582,1,1,2026-09-07,1,205.80
5091,2583,1,1,2026-10-23,1,205.80
5092,2584,1,1,2026-10-03,1,205.80
5093,2585,1,1,2026-10-21,1,205.80
5094,2586,1,1,2026-09-26,1,205.80
5095,2587,1,1,2026-09-01,1,205.80
5096,2588,1,1,2024-03-15,0,205.80
5097,2589,1,1,2024-03-15,-3,205.80
5098,2590,1,1,2024-03-15,-1,205.80
5099,2591,1,1,2024-03-15,-10,205.80
5100,2592,1,1,2024-03-15,-10,205.80
5101,2593,1,1,2024-03-15,-10,205.80
5102,2594,1,1,2024-03-15,-3,205.80
5103,2595,1,1,2024-03-15,-10,205.80
5104,2596,1,1,2024-03-15,0,205.80
5105,2597,1,1,2024-03-15,-1,205.80
5106,2598,1,1,2024-03-15,-1,205.80
5107,2599,1,1,2024-03-15,0,205.80
5108,2600,1,1,2024-03-15,0,205.80
5109,2601,1,1,2024-03-15,-1,205.80
5110,2602,1,1,2024-03-15,0,205.80
5111,2603,1,1,2024-03-15,-10,205.80
5112,2604,1,1,2024-03-15,0,205.80
5113,2605,1,1,2024-03-15,-10,205.80
5114,2606,1,1,2024-03-15,-3,205.80
5115,2607,1,1,2024-03-15,-10,205.80
5116,2608,1,1,2024-03-15,0,205.80
5117,2609,1,1,2024-03-15,-1,205.80
5118,2610,1,1,2024-03-15,-1,205.80
5119,2611,1,1,2024-03-15,0,205.80
5120,2612,1,1,2024-03-15,0,205.80
5121,2613,1,1,2024-03-15,-3,205.80
5122,2614,1,1,2024-03-15,-1,205.80
5123,2615,1,1,2024-03-15,-3,205.80
5124,2616,1,1,2024-03-15,0,205.80
5125,2617,1,1,2024-03-15,-10,205.80
5126,2618,1,1,2024-03-15,-10,205.80
5127,2619,1,1,2024-03-15,-1,205.80
5128,2620,1,1,2024-03-15,-1,205.80
5129,2621,1,1,2024-03-15,0,205.80
5130,2622,1,1,2024-03-15,-1,205.80
5131,2623,1,1,2024-03-15,0,205.80
5132,2624,1,1,2024-03-15,-10,205.80
5133,2625,1,1,2024-03-15,-10,205.80
5134,2626,1,1,2024-03-15,0,205.80
5135,2627,1,1,2024-03-15,0,205.80
47,2628,1,1,2024-04-01,1,205.80
47,2629,1,1,2024-04-01,1,205.80
52,2630,1,1,2024-04-01,1,205.80
52,2631,1,1,2024-04-01,1,205.80
72,2632,1,1,2024-04-01,1,205.80
72,2633,1,1,2024-04-01,1,205.80
48,2634,1,1,2024-04-01,1,205.80
48,2635,1,1,2024-04-01,1,205.80
5136,2636,1,107,2024-06-01,2,96.05
5137,2637,1,118,2024-06-01,1,58.84
5138,2638,1,99,2024-06-01,2,217.89
5139,2639,1,40,2024-06-01,3,283.61
5140,2640,1,101,2024-06-01,1,214.28
5141,2641,1,78,2024-06-01,2,436.54
5142,2642,1,77,2024-06-01,2,364.39
5143,2643,1,111,2024-06-01,1,424.76
5144,2644,1,176,2024-06-01,1,502.22
5145,2645,1,184,2024-06-01,2,384.15
5146,2646,1,89,2024-06-01,3,250.40
5147,2647,1,155,2024-06-01,2,46.96
5148,2648,1,49,2024-06-01,1,57.73
5149,2649,1,99,2024-06-01,1,213.43
5150,2650,1,23,2024-06-01,1,43.30
5151,2651,1,66,2024-06-01,2,358.35
5152,2652,1,171,2024-06-01,3,33.85
5153,2653,1,88,2024-06-01,3,439.68
5154,2654,1,179,2024-06-01,3,225.15
5155,2655,1,39,2024-06-01,3,215.54
